analysis_id	source_analysis_id	status	skip_reason	af_source	ancestry_reference_id	original_sd	original_sd_method	n_variants_considered	n_variants_overlapping	n_variants_excluded_ambiguous	n_variants_excluded_mismatch	n_variants_excluded_missing_af	n_variants_excluded_maf	n_variants_retained	maf_min	maf_max	implied_sd_median	sd_dispersion	sd_notes	estimator_version
GCST90201021	GCST90201021	passed	""	source	""	0.962621207627282	estimated_from_source_maf	5094	5094	0	0	0	0	5094	0.01	0.5	0.962621207627282	0.061900452345585	median implied SD=0.963, dispersion=0.062, n=5094	effect_scale_validation.R:v1
GCST90201022	GCST90201022	passed	""	source	""	0.963160559723484	estimated_from_source_maf	6260	6260	0	0	0	0	6260	0.01	0.5	0.963160559723484	0.0760578528947769	median implied SD=0.963, dispersion=0.076, n=6260	effect_scale_validation.R:v1
GCST90201023	GCST90201023	passed	""	source	""	0.83463627757223	estimated_from_source_maf	5302	5302	0	0	0	0	5302	0.01	0.5	0.83463627757223	0.0615511480671513	median implied SD=0.835, dispersion=0.062, n=5302	effect_scale_validation.R:v1
GCST90201024	GCST90201024	passed	""	source	""	0.737726062033196	estimated_from_source_maf	67	67	0	0	0	0	67	0.01	0.5	0.737726062033196	0.0469427927153614	median implied SD=0.738, dispersion=0.047, n=67	effect_scale_validation.R:v1
GCST90201025	GCST90201025	passed	""	source	""	0.942800737798964	estimated_from_source_maf	16268	16268	0	0	0	0	16268	0.01	0.5	0.942800737798964	0.0567228577216303	median implied SD=0.943, dispersion=0.057, n=16268	effect_scale_validation.R:v1
GCST90201026	GCST90201026	passed	""	source	""	0.717960454032491	estimated_from_source_maf	92	92	0	0	0	0	92	0.01	0.5	0.717960454032491	0.056477683913377	median implied SD=0.718, dispersion=0.056, n=92	effect_scale_validation.R:v1
GCST90201027	GCST90201027	passed	""	source	""	0.971462414748505	estimated_from_source_maf	18624	18624	0	0	0	0	18624	0.01	0.5	0.971462414748505	0.0579031680921653	median implied SD=0.971, dispersion=0.058, n=18624	effect_scale_validation.R:v1
GCST90201028	GCST90201028	passed	""	source	""	0.973107043232065	estimated_from_source_maf	35021	35021	0	0	0	0	35021	0.01	0.5	0.973107043232065	0.0619279696856027	median implied SD=0.973, dispersion=0.062, n=35021	effect_scale_validation.R:v1
GCST90201029	GCST90201029	passed	""	source	""	0.969049065529406	estimated_from_source_maf	6953	6953	0	0	0	0	6953	0.01	0.5	0.969049065529406	0.0682111360518291	median implied SD=0.969, dispersion=0.068, n=6953	effect_scale_validation.R:v1
GCST90201030	GCST90201030	passed	""	source	""	0.870708132257206	estimated_from_source_maf	22717	22717	0	0	0	0	22717	0.01	0.5	0.870708132257206	0.0608713789557204	median implied SD=0.871, dispersion=0.061, n=22717	effect_scale_validation.R:v1
GCST90201031	GCST90201031	passed	""	source	""	0.892635179439007	estimated_from_source_maf	30633	30633	0	0	0	0	30633	0.01	0.5	0.892635179439007	0.064925808116899	median implied SD=0.893, dispersion=0.065, n=30633	effect_scale_validation.R:v1
GCST90201032	GCST90201032	passed	""	source	""	0.82552642049301	estimated_from_source_maf	127	127	0	0	0	0	127	0.01	0.5	0.82552642049301	0.0527871502742682	median implied SD=0.826, dispersion=0.053, n=127	effect_scale_validation.R:v1
GCST90201033	GCST90201033	passed	""	source	""	0.965326203789541	estimated_from_source_maf	43279	43279	0	0	0	1	43278	0.01	0.5	0.965326203789541	0.058567183328593	median implied SD=0.965, dispersion=0.059, n=43278	effect_scale_validation.R:v1
GCST90201034	GCST90201034	passed	""	source	""	0.741793783540371	estimated_from_source_maf	20035	20035	0	0	0	0	20035	0.01	0.5	0.741793783540371	0.0758213413952769	median implied SD=0.742, dispersion=0.076, n=20035	effect_scale_validation.R:v1
GCST90201035	GCST90201035	passed	""	source	""	0.962936415760083	estimated_from_source_maf	26090	26090	0	0	0	0	26090	0.01	0.5	0.962936415760083	0.0575421995513398	median implied SD=0.963, dispersion=0.058, n=26090	effect_scale_validation.R:v1
GCST90201036	GCST90201036	passed	""	source	""	0.912512493707187	estimated_from_source_maf	18206	18206	0	0	0	0	18206	0.01	0.5	0.912512493707187	0.0672529125915745	median implied SD=0.913, dispersion=0.067, n=18206	effect_scale_validation.R:v1
GCST90201037	GCST90201037	passed	""	source	""	0.903959420416419	estimated_from_source_maf	54125	54125	0	0	0	0	54125	0.01	0.5	0.903959420416419	0.0639245848737392	median implied SD=0.904, dispersion=0.064, n=54125	effect_scale_validation.R:v1
GCST90201038	GCST90201038	passed	""	source	""	0.775175902475569	estimated_from_source_maf	83	83	0	0	0	0	83	0.01	0.5	0.775175902475569	0.0554516632687269	median implied SD=0.775, dispersion=0.055, n=83	effect_scale_validation.R:v1
GCST90201039	GCST90201039	passed	""	source	""	0.928332892772913	estimated_from_source_maf	140022	140022	0	0	0	0	140022	0.01	0.5	0.928332892772913	0.0666132255903124	median implied SD=0.928, dispersion=0.067, n=140022	effect_scale_validation.R:v1
GCST90201040	GCST90201040	passed	""	source	""	0.788940379688925	estimated_from_source_maf	60	60	0	0	0	0	60	0.01	0.5	0.788940379688925	0.0614563736214185	median implied SD=0.789, dispersion=0.061, n=60	effect_scale_validation.R:v1
GCST90202055	GCST90202055	passed	""	source	""	0.864694235886149	estimated_from_source_maf	20	20	0	0	0	0	20	0.01	0.5	0.864694235886149	0.0524450425158406	median implied SD=0.865, dispersion=0.052, n=20	effect_scale_validation.R:v1
GCST90202056	GCST90202056	passed	""	source	""	0.882980802880542	estimated_from_source_maf	21	21	0	0	0	0	21	0.01	0.5	0.882980802880542	0.0370359022058686	median implied SD=0.883, dispersion=0.037, n=21	effect_scale_validation.R:v1
GCST90202057	GCST90202057	skipped	low_overlap	source	""		unavailable	18	18	0	0	0	0	18	0.01	0.5	0.857885252626251	0.0466118804350458	low_overlap (median implied SD=0.858, dispersion=0.047, n=18)	effect_scale_validation.R:v1
GCST90202058	GCST90202058	passed	""	source	""	0.801993770748422	estimated_from_source_maf	28	28	0	0	0	0	28	0.01	0.5	0.801993770748422	0.0396669386533597	median implied SD=0.802, dispersion=0.040, n=28	effect_scale_validation.R:v1
GCST90202059	GCST90202059	passed	""	source	""	0.860128733651039	estimated_from_source_maf	22	22	0	0	0	0	22	0.01	0.5	0.860128733651039	0.0606290991104912	median implied SD=0.860, dispersion=0.061, n=22	effect_scale_validation.R:v1
GCST90202060	GCST90202060	passed	""	source	""	0.961834420711241	estimated_from_source_maf	7211	7211	0	0	0	0	7211	0.01	0.5	0.961834420711241	0.0615276773497431	median implied SD=0.962, dispersion=0.062, n=7211	effect_scale_validation.R:v1
GCST90202061	GCST90202061	skipped	low_overlap	source	""		unavailable	15	15	0	0	0	0	15	0.01	0.5	0.903567403228259	0.0388305992245836	low_overlap (median implied SD=0.904, dispersion=0.039, n=15)	effect_scale_validation.R:v1
GCST90202062	GCST90202062	skipped	low_overlap	source	""		unavailable	15	15	0	0	0	0	15	0.01	0.5	0.811262551040611	0.0387969341693067	low_overlap (median implied SD=0.811, dispersion=0.039, n=15)	effect_scale_validation.R:v1
GCST90202063	GCST90202063	passed	""	source	""	0.799068434560006	estimated_from_source_maf	23	23	0	0	0	0	23	0.01	0.5	0.799068434560006	0.0425947448982936	median implied SD=0.799, dispersion=0.043, n=23	effect_scale_validation.R:v1
GCST90202064	GCST90202064	skipped	low_overlap	source	""		unavailable	15	15	0	0	0	0	15	0.01	0.5	0.826696953007238	0.076753846419009	low_overlap (median implied SD=0.827, dispersion=0.077, n=15)	effect_scale_validation.R:v1
GCST90202065	GCST90202065	passed	""	source	""	1.00954324486735	estimated_from_source_maf	3707	3707	0	0	0	0	3707	0.01	0.5	1.00954324486735	0.0592989122916977	median implied SD=1.010, dispersion=0.059, n=3707	effect_scale_validation.R:v1
GCST90202066	GCST90202066	passed	""	source	""	0.986167906156177	estimated_from_source_maf	2908	2908	0	0	0	0	2908	0.01	0.5	0.986167906156177	0.045014424710148	median implied SD=0.986, dispersion=0.045, n=2908	effect_scale_validation.R:v1
GCST90202067	GCST90202067	passed	""	source	""	0.953125813862381	estimated_from_source_maf	10449	10449	0	0	0	2	10447	0.01	0.5	0.953125813862381	0.0604501824927508	median implied SD=0.953, dispersion=0.060, n=10447	effect_scale_validation.R:v1
GCST90202068	GCST90202068	skipped	low_overlap	source	""		unavailable	18	18	0	0	0	0	18	0.01	0.5	0.862250681242972	0.0772468195841463	low_overlap (median implied SD=0.862, dispersion=0.077, n=18)	effect_scale_validation.R:v1
GCST90202069	GCST90202069	passed	""	source	""	0.845569369077581	estimated_from_source_maf	23	23	0	0	0	0	23	0.01	0.5	0.845569369077581	0.0688548008492627	median implied SD=0.846, dispersion=0.069, n=23	effect_scale_validation.R:v1
GCST90202070	GCST90202070	passed	""	source	""	0.959768314455505	estimated_from_source_maf	3020	3020	0	0	0	0	3020	0.01	0.5	0.959768314455505	0.0573644756985412	median implied SD=0.960, dispersion=0.057, n=3020	effect_scale_validation.R:v1
GCST90202071	GCST90202071	passed	""	source	""	0.868129548742598	estimated_from_source_maf	20	20	0	0	0	0	20	0.01	0.5	0.868129548742598	0.0919389278385477	median implied SD=0.868, dispersion=0.092, n=20	effect_scale_validation.R:v1
GCST90202072	GCST90202072	skipped	low_overlap	source	""		unavailable	16	16	0	0	0	0	16	0.01	0.5	0.881989791037299	0.0640263940248001	low_overlap (median implied SD=0.882, dispersion=0.064, n=16)	effect_scale_validation.R:v1
GCST90202073	GCST90202073	passed	""	source	""	0.904162579405211	estimated_from_source_maf	21	21	0	0	0	0	21	0.01	0.5	0.904162579405211	0.0377940876255631	median implied SD=0.904, dispersion=0.038, n=21	effect_scale_validation.R:v1
GCST90202074	GCST90202074	passed	""	source	""	0.976929324277287	estimated_from_source_maf	3475	3475	0	0	0	0	3475	0.01	0.5	0.976929324277287	0.0434146535830671	median implied SD=0.977, dispersion=0.043, n=3475	effect_scale_validation.R:v1
GCST90199621	GCST90199621	passed	""	source	""	0.983713207276219	estimated_from_source_maf	69803	69803	0	0	0	33047	36756	0.01	0.5	0.983713207276219	0.00690737668643575	median implied SD=0.984, dispersion=0.007, n=36756	effect_scale_validation.R:v1
GCST90199622	GCST90199622	passed	""	source	""	0.989603478941087	estimated_from_source_maf	31633	31633	0	0	0	14705	16928	0.01	0.5	0.989603478941087	0.0072977573233486	median implied SD=0.990, dispersion=0.007, n=16928	effect_scale_validation.R:v1
GCST90199623	GCST90199623	passed	""	source	""	0.999978232708843	estimated_from_source_maf	10046	10046	0	0	0	4160	5886	0.01	0.5	0.999978232708843	0.00911876402256232	median implied SD=1.000, dispersion=0.009, n=5886	effect_scale_validation.R:v1
GCST90199624	GCST90199624	passed	""	source	""	0.987127401805214	estimated_from_source_maf	67	67	0	0	0	44	23	0.01	0.5	0.987127401805214	0.00601670386574808	median implied SD=0.987, dispersion=0.006, n=23	effect_scale_validation.R:v1
GCST90199625	GCST90199625	passed	""	source	""	0.992700143968267	estimated_from_source_maf	96	96	0	0	0	62	34	0.01	0.5	0.992700143968267	0.00557614293677436	median implied SD=0.993, dispersion=0.006, n=34	effect_scale_validation.R:v1
GCST90199626	GCST90199626	passed	""	source	""	0.981454695473963	estimated_from_source_maf	50475	50475	0	0	0	21854	28621	0.01	0.5	0.981454695473963	0.00721356396461643	median implied SD=0.981, dispersion=0.007, n=28621	effect_scale_validation.R:v1
GCST90199627	GCST90199627	passed	""	source	""	0.97748368955916	estimated_from_source_maf	10343	10343	0	0	0	5481	4862	0.01	0.5	0.97748368955916	0.0100246989143518	median implied SD=0.977, dispersion=0.010, n=4862	effect_scale_validation.R:v1
GCST90199628	GCST90199628	passed	""	source	""	0.989879111186329	estimated_from_source_maf	81	81	0	0	0	50	31	0.01	0.5	0.989879111186329	0.00703412435590733	median implied SD=0.990, dispersion=0.007, n=31	effect_scale_validation.R:v1
GCST90199629	GCST90199629	passed	""	source	""	0.981820209557125	estimated_from_source_maf	11133	11133	0	0	0	5107	6026	0.01	0.5	0.981820209557125	0.00663431924370823	median implied SD=0.982, dispersion=0.007, n=6026	effect_scale_validation.R:v1
GCST90199630	GCST90199630	passed	""	source	""	0.970344942910643	estimated_from_source_maf	9493	9493	0	0	0	4484	5009	0.01	0.5	0.970344942910643	0.00763082906588003	median implied SD=0.970, dispersion=0.008, n=5009	effect_scale_validation.R:v1
GCST90199631	GCST90199631	passed	""	source	""	0.960873020693312	estimated_from_source_maf	10984	10984	0	0	0	4357	6627	0.01	0.5	0.960873020693312	0.00694034301836557	median implied SD=0.961, dispersion=0.007, n=6627	effect_scale_validation.R:v1
GCST90199632	GCST90199632	passed	""	source	""	0.996251569598745	estimated_from_source_maf	24622	24622	0	0	0	10471	14151	0.01	0.5	0.996251569598745	0.0082582698717369	median implied SD=0.996, dispersion=0.008, n=14151	effect_scale_validation.R:v1
GCST90199633	GCST90199633	passed	""	source	""	0.979058425161622	estimated_from_source_maf	102	102	0	0	0	70	32	0.01	0.5	0.979058425161622	0.00680533774645677	median implied SD=0.979, dispersion=0.007, n=32	effect_scale_validation.R:v1
GCST90199634	GCST90199634	passed	""	source	""	0.979850976432927	estimated_from_source_maf	67470	67470	0	0	0	29005	38465	0.01	0.5	0.979850976432927	0.00701294588705271	median implied SD=0.980, dispersion=0.007, n=38465	effect_scale_validation.R:v1
GCST90199635	GCST90199635	passed	""	source	""	0.985609209116704	estimated_from_source_maf	23887	23887	0	0	0	10240	13647	0.01	0.5	0.985609209116704	0.00760857352446779	median implied SD=0.986, dispersion=0.008, n=13647	effect_scale_validation.R:v1
GCST90199636	GCST90199636	passed	""	source	""	0.951630992436009	estimated_from_source_maf	53230	53230	0	0	0	24084	29146	0.01	0.5	0.951630992436009	0.00769104327191563	median implied SD=0.952, dispersion=0.008, n=29146	effect_scale_validation.R:v1
GCST90199637	GCST90199637	passed	""	source	""	0.964917202740288	estimated_from_source_maf	44958	44958	0	0	0	22506	22452	0.01	0.5	0.964917202740288	0.00653601578941245	median implied SD=0.965, dispersion=0.007, n=22452	effect_scale_validation.R:v1
GCST90199638	GCST90199638	passed	""	source	""	0.997602825460539	estimated_from_source_maf	29364	29364	0	0	0	12100	17264	0.01	0.5	0.997602825460539	0.00850905840446403	median implied SD=0.998, dispersion=0.009, n=17264	effect_scale_validation.R:v1
GCST90199639	GCST90199639	passed	""	source	""	0.975905717656672	estimated_from_source_maf	83519	83519	0	0	0	38988	44531	0.01	0.5	0.975905717656672	0.00707540044322499	median implied SD=0.976, dispersion=0.007, n=44531	effect_scale_validation.R:v1
GCST90199640	GCST90199640	passed	""	source	""	0.955080165264457	estimated_from_source_maf	23758	23758	0	0	0	10446	13312	0.01	0.5	0.955080165264457	0.00806373419959742	median implied SD=0.955, dispersion=0.008, n=13312	effect_scale_validation.R:v1
GCST90203093	GCST90203093	passed	""	source	""	0.972910142237942	estimated_from_source_maf	7186	7186	0	0	0	0	7186	0.01	0.5	0.972910142237942	0.0520529585976857	median implied SD=0.973, dispersion=0.052, n=7186	effect_scale_validation.R:v1
GCST90203094	GCST90203094	passed	""	source	""	1.01546059836468	estimated_from_source_maf	2954	2954	0	0	0	0	2954	0.01	0.5	1.01546059836468	0.0441818477755481	median implied SD=1.015, dispersion=0.044, n=2954	effect_scale_validation.R:v1
GCST90203095	GCST90203095	skipped	low_overlap	source	""		unavailable	17	17	0	0	0	0	17	0.01	0.5	0.841494988882396	0.0488745659939835	low_overlap (median implied SD=0.841, dispersion=0.049, n=17)	effect_scale_validation.R:v1
GCST90203096	GCST90203096	passed	""	source	""	0.85608397962052	estimated_from_source_maf	22	22	0	0	0	0	22	0.01	0.5	0.85608397962052	0.0776739978206696	median implied SD=0.856, dispersion=0.078, n=22	effect_scale_validation.R:v1
GCST90203097	GCST90203097	passed	""	source	""	0.97163807771299	estimated_from_source_maf	3201	3201	0	0	0	0	3201	0.01	0.5	0.97163807771299	0.0471854526779947	median implied SD=0.972, dispersion=0.047, n=3201	effect_scale_validation.R:v1
GCST90203098	GCST90203098	passed	""	source	""	1.00654854247917	estimated_from_source_maf	3583	3583	0	0	0	0	3583	0.01	0.5	1.00654854247917	0.053231245446087	median implied SD=1.007, dispersion=0.053, n=3583	effect_scale_validation.R:v1
GCST90203099	GCST90203099	passed	""	source	""	0.839967137259617	estimated_from_source_maf	40	40	0	0	0	0	40	0.01	0.5	0.839967137259617	0.0653553475350819	median implied SD=0.840, dispersion=0.065, n=40	effect_scale_validation.R:v1
GCST90203100	GCST90203100	passed	""	source	""	0.906792797370303	estimated_from_source_maf	25	25	0	0	0	0	25	0.01	0.5	0.906792797370303	0.018409512602168	median implied SD=0.907, dispersion=0.018, n=25	effect_scale_validation.R:v1
GCST90203101	GCST90203101	passed	""	source	""	0.805755070813603	estimated_from_source_maf	27	27	0	0	0	0	27	0.01	0.5	0.805755070813603	0.0677077538518843	median implied SD=0.806, dispersion=0.068, n=27	effect_scale_validation.R:v1
GCST90203102	GCST90203102	passed	""	source	""	0.970732452788673	estimated_from_source_maf	2869	2869	0	0	0	1	2868	0.01	0.5	0.970732452788673	0.0737770603283328	median implied SD=0.971, dispersion=0.074, n=2868	effect_scale_validation.R:v1
GCST90203103	GCST90203103	passed	""	source	""	0.916072885113883	estimated_from_source_maf	25	25	0	0	0	0	25	0.01	0.5	0.916072885113883	0.048151873899408	median implied SD=0.916, dispersion=0.048, n=25	effect_scale_validation.R:v1
GCST90203104	GCST90203104	passed	""	source	""	0.882551472654433	estimated_from_source_maf	22	22	0	0	0	0	22	0.01	0.5	0.882551472654433	0.0499858040186669	median implied SD=0.883, dispersion=0.050, n=22	effect_scale_validation.R:v1
GCST90203105	GCST90203105	passed	""	source	""	0.851429514071399	estimated_from_source_maf	28	28	0	0	0	0	28	0.01	0.5	0.851429514071399	0.0383510215398045	median implied SD=0.851, dispersion=0.038, n=28	effect_scale_validation.R:v1
GCST90203106	GCST90203106	passed	""	source	""	0.855579744831195	estimated_from_source_maf	20	20	0	0	0	0	20	0.01	0.5	0.855579744831195	0.0559434877521085	median implied SD=0.856, dispersion=0.056, n=20	effect_scale_validation.R:v1
GCST90203107	GCST90203107	passed	""	source	""	0.980948803950502	estimated_from_source_maf	7065	7065	0	0	0	0	7065	0.01	0.5	0.980948803950502	0.0559307914935682	median implied SD=0.981, dispersion=0.056, n=7065	effect_scale_validation.R:v1
GCST90203108	GCST90203108	skipped	low_overlap	source	""		unavailable	19	19	0	0	0	0	19	0.01	0.5	0.901183269256377	0.0547816751089365	low_overlap (median implied SD=0.901, dispersion=0.055, n=19)	effect_scale_validation.R:v1
GCST90203109	GCST90203109	skipped	low_overlap	source	""		unavailable	16	16	0	0	0	0	16	0.01	0.5	0.854192028649196	0.0752288435384596	low_overlap (median implied SD=0.854, dispersion=0.075, n=16)	effect_scale_validation.R:v1
GCST90203110	GCST90203110	passed	""	source	""	0.993163603312294	estimated_from_source_maf	10236	10236	0	0	0	0	10236	0.01	0.5	0.993163603312294	0.0471892523851316	median implied SD=0.993, dispersion=0.047, n=10236	effect_scale_validation.R:v1
GCST90203111	GCST90203111	skipped	low_overlap	source	""		unavailable	16	16	0	0	0	0	16	0.01	0.5	0.853040569886362	0.0490711904008743	low_overlap (median implied SD=0.853, dispersion=0.049, n=16)	effect_scale_validation.R:v1
GCST90203112	GCST90203112	passed	""	source	""	0.985845248950219	estimated_from_source_maf	14972	14972	0	0	0	0	14972	0.01	0.5	0.985845248950219	0.0491182693025156	median implied SD=0.986, dispersion=0.049, n=14972	effect_scale_validation.R:v1
