analysis_index	analysis_id	source_analysis_id	source_label	trait_ontology_name	trait_ontology_id	trait_id	source_file	source_url	source_bundle_id	filtered_file	checksum	checksum_algorithm	size_bytes	source_genome_build	license	publication_doi	publication_pmid	consortium	source_ancestry_label	assigned_ancestry	ancestry_assignment_method	original_effect_scale	original_sd	original_sd_method	stored_effect_scale	sample_size_kind	sample_size_scope	sample_size	n_cases	n_controls	analysis_group_id	inclusion_reason	exclude_from_build	gene_id	gene_name	trait_chr	trait_bp	n	tissue	context	mhc	target_resolution_method	n_target_rows
0	GCST005806	GCST005806	[Pyruvate dehydrogenase (acetyl-transferring)] kinase isozyme 1, mitochondrial levels (PDK1.5227.60.3)	obsolete_[pyruvate dehydrogenase (acetyl-transferring)] kinase isozyme 1; mitochondrial measurement	http://www.ebi.ac.uk/efo/EFO_0021984	http://www.ebi.ac.uk/efo/EFO_0021984	resources/data/gwas-ssf-ragged/pqtl-interval-2018/2018-sun-pilot-100/filtered/PDK1_GCST005806.filtered.tsv.gz	http://ftp.ebi.ac.uk/pub/databases/gwas/summary_statistics/GCST005001-GCST006000/GCST005806/harmonised/GCST005806.h.tsv.gz		PDK1_GCST005806.filtered.tsv.gz	0087f5d4d146f37089cda7c6e5e7b3c16e96057d5a724836c6a123a3a50861bd	sha256	249117	GRCh38	EBI GWAS Catalog terms of use	10.1038/s41586-018-0175-2	29875488	INTERVAL; Sun et al. 2018	European	European	source_trusted_no_af	sd		declared_standardised	sd	total	analysis_level	3301	0	0	PMID29875488	first_100_sun_2018_interval_pqtl_pilot		ENSG00000152256	PDK1	2	172555373	3301	plasma	SomaScan	FALSE	somascan_db_seqid	1
1	GCST90240120	GCST90240120	[Pyruvate dehydrogenase (acetyl-transferring)] kinase isozyme 2, mitochondrial levels (PDK2.12651.21.3)	[pyruvate dehydrogenase (acetyl-transferring)] kinase isozyme 2, mitochondrial measurement	http://www.ebi.ac.uk/efo/EFO_0802230	http://www.ebi.ac.uk/efo/EFO_0802230	resources/data/gwas-ssf-ragged/pqtl-interval-2018/2018-sun-pilot-100/filtered/PDK2_GCST90240120.filtered.tsv.gz	http://ftp.ebi.ac.uk/pub/databases/gwas/summary_statistics/GCST90240001-GCST90241000/GCST90240120/harmonised/GCST90240120.h.tsv.gz		PDK2_GCST90240120.filtered.tsv.gz	da4423e1bda0e378ba63a483b88bd492a1e80b70c92457b19c4e6295ff7be426	sha256	106897	GRCh38	EBI GWAS Catalog terms of use	10.1038/s41586-018-0175-2	29875488	INTERVAL; Sun et al. 2018	European	European	source_trusted_no_af	sd		declared_standardised	sd	total	analysis_level	3301	0	0	PMID29875488	first_100_sun_2018_interval_pqtl_pilot		ENSG00000005882	PDK2	17	50094737	3301	plasma	SomaScan	FALSE	somascan_db_seqid	1
2	GCST90240121	GCST90240121	1-phosphatidylinositol 4,5-bisphosphate phosphodiesterase gamma-1 levels (PLCG1.4563.61.2)	1-phosphatidylinositol 4,5-bisphosphate phosphodiesterase gamma-1 measurement	http://www.ebi.ac.uk/efo/EFO_0020108	http://www.ebi.ac.uk/efo/EFO_0020108	resources/data/gwas-ssf-ragged/pqtl-interval-2018/2018-sun-pilot-100/filtered/PLCG1_GCST90240121.filtered.tsv.gz	http://ftp.ebi.ac.uk/pub/databases/gwas/summary_statistics/GCST90240001-GCST90241000/GCST90240121/harmonised/GCST90240121.h.tsv.gz		PLCG1_GCST90240121.filtered.tsv.gz	8ac59ccc0b807ed94a62269dff8e81cddc025bc5ae84bcd9666bc09e1c9d698e	sha256	289215	GRCh38	EBI GWAS Catalog terms of use	10.1038/s41586-018-0175-2	29875488	INTERVAL; Sun et al. 2018	European	European	source_trusted_no_af	sd		declared_standardised	sd	total	analysis_level	3301	0	0	PMID29875488	first_100_sun_2018_interval_pqtl_pilot		ENSG00000124181	PLCG1	20	41136931	3301	plasma	SomaScan	FALSE	somascan_db_seqid	1
3	GCST90240122	GCST90240122	14-3-3 protein epsilon levels (YWHAE.14157.21.3)	14-3-3 protein epsilon measurement	http://www.ebi.ac.uk/efo/EFO_0021958	http://www.ebi.ac.uk/efo/EFO_0021958	resources/data/gwas-ssf-ragged/pqtl-interval-2018/2018-sun-pilot-100/filtered/YWHAE_GCST90240122.filtered.tsv.gz	http://ftp.ebi.ac.uk/pub/databases/gwas/summary_statistics/GCST90240001-GCST90241000/GCST90240122/harmonised/GCST90240122.h.tsv.gz		YWHAE_GCST90240122.filtered.tsv.gz	99673eb1f5a50f76567743dfba97e8e6960c4f28bd25f6ff9e0e0221027b34cb	sha256	157367	GRCh38	EBI GWAS Catalog terms of use	10.1038/s41586-018-0175-2	29875488	INTERVAL; Sun et al. 2018	European	European	source_trusted_no_af	sd		declared_standardised	sd	total	analysis_level	3301	0	0	PMID29875488	first_100_sun_2018_interval_pqtl_pilot		ENSG00000108953	YWHAE	17	1344275	3301	plasma	SomaScan	FALSE	somascan_db_seqid	1
4	GCST90240123	GCST90240123	14-3-3 protein family levels (YWHAB.YWHAE.YWHAG.YWHAH.YWHAQ.YWHAZ.SFN.4707.50.2)	14-3-3 protein family measurement	http://www.ebi.ac.uk/efo/EFO_0020109	http://www.ebi.ac.uk/efo/EFO_0020109	resources/data/gwas-ssf-ragged/pqtl-interval-2018/2018-sun-pilot-100/filtered/YWHAH_GCST90240123.filtered.tsv.gz	http://ftp.ebi.ac.uk/pub/databases/gwas/summary_statistics/GCST90240001-GCST90241000/GCST90240123/harmonised/GCST90240123.h.tsv.gz		YWHAH_GCST90240123.filtered.tsv.gz	0e5164095ced35b4136b016ccbd3361fbfbf48d22c110d8a91180ea2eba1476c	sha256	310735	GRCh38	EBI GWAS Catalog terms of use	10.1038/s41586-018-0175-2	29875488	INTERVAL; Sun et al. 2018	European	European	source_trusted_no_af	sd		declared_standardised	sd	total	analysis_level	3301	0	0	PMID29875488	first_100_sun_2018_interval_pqtl_pilot		ENSG00000128245	YWHAH	22	31944465	3301	plasma	SomaScan	FALSE	somascan_db_seqid	1
5	GCST90240124	GCST90240124	14-3-3 protein sigma levels (SFN.4829.43.6)	14-3-3 protein sigma measurement	http://www.ebi.ac.uk/efo/EFO_0020110	http://www.ebi.ac.uk/efo/EFO_0020110	resources/data/gwas-ssf-ragged/pqtl-interval-2018/2018-sun-pilot-100/filtered/SFN_GCST90240124.filtered.tsv.gz	http://ftp.ebi.ac.uk/pub/databases/gwas/summary_statistics/GCST90240001-GCST90241000/GCST90240124/harmonised/GCST90240124.h.tsv.gz		SFN_GCST90240124.filtered.tsv.gz	708f1a1f4a77f3d1ce4794be2072eeaae184c7e908bde4964a0d620f8ed2cf53	sha256	386513	GRCh38	EBI GWAS Catalog terms of use	10.1038/s41586-018-0175-2	29875488	INTERVAL; Sun et al. 2018	European	European	source_trusted_no_af	sd		declared_standardised	sd	total	analysis_level	3301	0	0	PMID29875488	first_100_sun_2018_interval_pqtl_pilot		ENSG00000175793	SFN	1	26863149	3301	plasma	SomaScan	FALSE	somascan_db_seqid	1
6	GCST90240125	GCST90240125	14-3-3 protein theta levels (YWHAQ.7625.27.3)	14-3-3 protein theta measurement	http://www.ebi.ac.uk/efo/EFO_0022011	http://www.ebi.ac.uk/efo/EFO_0022011	resources/data/gwas-ssf-ragged/pqtl-interval-2018/2018-sun-pilot-100/filtered/YWHAQ_GCST90240125.filtered.tsv.gz	http://ftp.ebi.ac.uk/pub/databases/gwas/summary_statistics/GCST90240001-GCST90241000/GCST90240125/harmonised/GCST90240125.h.tsv.gz		YWHAQ_GCST90240125.filtered.tsv.gz	513c9dcb14b1270ab7f78a1161f9dc4b9118cb6944b67181d5e6bd68c88557b2	sha256	132397	GRCh38	EBI GWAS Catalog terms of use	10.1038/s41586-018-0175-2	29875488	INTERVAL; Sun et al. 2018	European	European	source_trusted_no_af	sd		declared_standardised	sd	total	analysis_level	3301	0	0	PMID29875488	first_100_sun_2018_interval_pqtl_pilot		ENSG00000134308	YWHAQ	2	9583334	3301	plasma	SomaScan	FALSE	somascan_db_seqid	1
7	GCST90240126	GCST90240126	14-3-3 protein zeta/delta levels (YWHAZ.5858.6.5)	14-3-3 protein zeta/delta measurement	http://www.ebi.ac.uk/efo/EFO_0021996	http://www.ebi.ac.uk/efo/EFO_0021996	resources/data/gwas-ssf-ragged/pqtl-interval-2018/2018-sun-pilot-100/filtered/YWHAZ_GCST90240126.filtered.tsv.gz	http://ftp.ebi.ac.uk/pub/databases/gwas/summary_statistics/GCST90240001-GCST90241000/GCST90240126/harmonised/GCST90240126.h.tsv.gz		YWHAZ_GCST90240126.filtered.tsv.gz	6f2c7c1f71d7c1f0e262e1421731343a131088cc8bba1b81ebfc6652ff0219a1	sha256	388667	GRCh38	EBI GWAS Catalog terms of use	10.1038/s41586-018-0175-2	29875488	INTERVAL; Sun et al. 2018	European	European	source_trusted_no_af	sd		declared_standardised	sd	total	analysis_level	3301	0	0	PMID29875488	first_100_sun_2018_interval_pqtl_pilot		ENSG00000164924	YWHAZ	8	100914526	3301	plasma	SomaScan	FALSE	somascan_db_seqid	1
8	GCST90240127	GCST90240127	15-hydroxyprostaglandin dehydrogenase [NAD(+)] levels (HPGD.4995.16.1)	15-hydroxyprostaglandin dehydrogenase [NAD(+)] measurement	http://www.ebi.ac.uk/efo/EFO_0020111	http://www.ebi.ac.uk/efo/EFO_0020111	resources/data/gwas-ssf-ragged/pqtl-interval-2018/2018-sun-pilot-100/filtered/HPGD_GCST90240127.filtered.tsv.gz	http://ftp.ebi.ac.uk/pub/databases/gwas/summary_statistics/GCST90240001-GCST90241000/GCST90240127/harmonised/GCST90240127.h.tsv.gz		HPGD_GCST90240127.filtered.tsv.gz	1df4a34b4f543c3b5a50175c4ab5aa93ed4b5966308f01d26249e89eae00d197	sha256	480675	GRCh38	EBI GWAS Catalog terms of use	10.1038/s41586-018-0175-2	29875488	INTERVAL; Sun et al. 2018	European	European	source_trusted_no_af	sd		declared_standardised	sd	total	analysis_level	3301	0	0	PMID29875488	first_100_sun_2018_interval_pqtl_pilot		ENSG00000164120	HPGD	4	174453668	3301	plasma	SomaScan	FALSE	somascan_db_seqid	1
9	GCST90240128	GCST90240128	17-beta-hydroxysteroid dehydrogenase 14 levels (HSD17B14.13972.4.3)	17-beta-hydroxysteroid dehydrogenase 14 measurement	http://www.ebi.ac.uk/efo/EFO_0802231	http://www.ebi.ac.uk/efo/EFO_0802231	resources/data/gwas-ssf-ragged/pqtl-interval-2018/2018-sun-pilot-100/filtered/HSD17B14_GCST90240128.filtered.tsv.gz	http://ftp.ebi.ac.uk/pub/databases/gwas/summary_statistics/GCST90240001-GCST90241000/GCST90240128/harmonised/GCST90240128.h.tsv.gz		HSD17B14_GCST90240128.filtered.tsv.gz	5df750aae44663a3c096e8e03f202f9c1e64dca605f677ded6bc2736d4c23ba1	sha256	771775	GRCh38	EBI GWAS Catalog terms of use	10.1038/s41586-018-0175-2	29875488	INTERVAL; Sun et al. 2018	European	European	source_trusted_no_af	sd		declared_standardised	sd	total	analysis_level	3301	0	0	PMID29875488	first_100_sun_2018_interval_pqtl_pilot		ENSG00000087076	HSD17B14	19	48813014	3301	plasma	SomaScan	FALSE	somascan_db_seqid	1
10	GCST90240129	GCST90240129	2-phosphoxylose phosphatase 1 levels (ACPL2.6079.59.3)	2-phosphoxylose phosphatase 1 measurement	http://www.ebi.ac.uk/efo/EFO_0803305	http://www.ebi.ac.uk/efo/EFO_0803305	resources/data/gwas-ssf-ragged/pqtl-interval-2018/2018-sun-pilot-100/filtered/PXYLP1_GCST90240129.filtered.tsv.gz	http://ftp.ebi.ac.uk/pub/databases/gwas/summary_statistics/GCST90240001-GCST90241000/GCST90240129/harmonised/GCST90240129.h.tsv.gz		PXYLP1_GCST90240129.filtered.tsv.gz	6045ec5e99ca5a5e3ed8b83c6b1e0b9988dbb9acbd03bdbf5ea20319abcedf0a	sha256	618831	GRCh38	EBI GWAS Catalog terms of use	10.1038/s41586-018-0175-2	29875488	INTERVAL; Sun et al. 2018	European	European	source_trusted_no_af	sd		declared_standardised	sd	total	analysis_level	3301	0	0	PMID29875488	first_100_sun_2018_interval_pqtl_pilot		ENSG00000155893	PXYLP1	3	141228726	3301	plasma	SomaScan	FALSE	somascan_db_seqid	1
11	GCST90240130	GCST90240130	2'-5'-oligoadenylate synthase 1 levels (OAS1.10361.25.3)	2'-5'-oligoadenylate synthase 1 measurement	http://www.ebi.ac.uk/efo/EFO_0021911	http://www.ebi.ac.uk/efo/EFO_0021911	resources/data/gwas-ssf-ragged/pqtl-interval-2018/2018-sun-pilot-100/filtered/OAS1_GCST90240130.filtered.tsv.gz	http://ftp.ebi.ac.uk/pub/databases/gwas/summary_statistics/GCST90240001-GCST90241000/GCST90240130/harmonised/GCST90240130.h.tsv.gz		OAS1_GCST90240130.filtered.tsv.gz	e65c2b9441cd646cfd1a486ae7f81a864416e8c1ba96607a267a3b485d3d8534	sha256	269402	GRCh38	EBI GWAS Catalog terms of use	10.1038/s41586-018-0175-2	29875488	INTERVAL; Sun et al. 2018	European	European	source_trusted_no_af	sd		declared_standardised	sd	total	analysis_level	3301	0	0	PMID29875488	first_100_sun_2018_interval_pqtl_pilot		ENSG00000089127	OAS1	12	112905856	3301	plasma	SomaScan	FALSE	somascan_db_seqid	1
12	GCST90240131	GCST90240131	2',3'-cyclic-nucleotide 3'-phosphodiesterase levels (CNP.6609.22.3)	2',3'-cyclic-nucleotide 3'-phosphodiesterase measurement	http://www.ebi.ac.uk/efo/EFO_0802232	http://www.ebi.ac.uk/efo/EFO_0802232	resources/data/gwas-ssf-ragged/pqtl-interval-2018/2018-sun-pilot-100/filtered/CNP_GCST90240131.filtered.tsv.gz	http://ftp.ebi.ac.uk/pub/databases/gwas/summary_statistics/GCST90240001-GCST90241000/GCST90240131/harmonised/GCST90240131.h.tsv.gz		CNP_GCST90240131.filtered.tsv.gz	11576b7583e382d2b0f1f9c16ffd2663e0c519033c6c438ca175c7753675ae17	sha256	98840	GRCh38	EBI GWAS Catalog terms of use	10.1038/s41586-018-0175-2	29875488	INTERVAL; Sun et al. 2018	European	European	source_trusted_no_af	sd		declared_standardised	sd	total	analysis_level	3301	0	0	PMID29875488	first_100_sun_2018_interval_pqtl_pilot		ENSG00000173786	CNP	17	41966729	3301	plasma	SomaScan	FALSE	somascan_db_seqid	1
13	GCST90240132	GCST90240132	26S proteasome non-ATPase regulatory subunit 1 levels (PSMD1.8824.2.3)	26S proteasome non-ATPase regulatory subunit 1 measurement	http://www.ebi.ac.uk/efo/EFO_0802233	http://www.ebi.ac.uk/efo/EFO_0802233	resources/data/gwas-ssf-ragged/pqtl-interval-2018/2018-sun-pilot-100/filtered/PSMD1_GCST90240132.filtered.tsv.gz	http://ftp.ebi.ac.uk/pub/databases/gwas/summary_statistics/GCST90240001-GCST90241000/GCST90240132/harmonised/GCST90240132.h.tsv.gz		PSMD1_GCST90240132.filtered.tsv.gz	f12c771b38c9fd52fce602a61d30dfaa66438dad9955a82fde0d4c6b9ca88dbf	sha256	262830	GRCh38	EBI GWAS Catalog terms of use	10.1038/s41586-018-0175-2	29875488	INTERVAL; Sun et al. 2018	European	European	source_trusted_no_af	sd		declared_standardised	sd	total	analysis_level	3301	0	0	PMID29875488	first_100_sun_2018_interval_pqtl_pilot		ENSG00000173692	PSMD1	2	231056845	3301	plasma	SomaScan	FALSE	ensembl_hgnc_symbol	1
14	GCST90240133	GCST90240133	26S proteasome non-ATPase regulatory subunit 11 levels (PSMD11.13572.43.3)	26S proteasome non-ATPase regulatory subunit 11 measurement	http://www.ebi.ac.uk/efo/EFO_0802234	http://www.ebi.ac.uk/efo/EFO_0802234	resources/data/gwas-ssf-ragged/pqtl-interval-2018/2018-sun-pilot-100/filtered/PSMD11_GCST90240133.filtered.tsv.gz	http://ftp.ebi.ac.uk/pub/databases/gwas/summary_statistics/GCST90240001-GCST90241000/GCST90240133/harmonised/GCST90240133.h.tsv.gz		PSMD11_GCST90240133.filtered.tsv.gz	b18fe9808acc1c46133dad9c65965e96a48e7833dbf016961e1633d2fd6559f9	sha256	115288	GRCh38	EBI GWAS Catalog terms of use	10.1038/s41586-018-0175-2	29875488	INTERVAL; Sun et al. 2018	European	European	source_trusted_no_af	sd		declared_standardised	sd	total	analysis_level	3301	0	0	PMID29875488	first_100_sun_2018_interval_pqtl_pilot		ENSG00000108671	PSMD11	17	32444379	3301	plasma	SomaScan	FALSE	somascan_db_seqid	1
15	GCST90240134	GCST90240134	26S proteasome non-ATPase regulatory subunit 4 levels (PSMD4.13568.30.3)	26S proteasome non-ATPase regulatory subunit 4 measurement	http://www.ebi.ac.uk/efo/EFO_0802235	http://www.ebi.ac.uk/efo/EFO_0802235	resources/data/gwas-ssf-ragged/pqtl-interval-2018/2018-sun-pilot-100/filtered/PSMD4_GCST90240134.filtered.tsv.gz	http://ftp.ebi.ac.uk/pub/databases/gwas/summary_statistics/GCST90240001-GCST90241000/GCST90240134/harmonised/GCST90240134.h.tsv.gz		PSMD4_GCST90240134.filtered.tsv.gz	f729bc86e20c8d41ff07b6006e1940d70836ce537427ac3fb5aae62c311c5bf6	sha256	88758	GRCh38	EBI GWAS Catalog terms of use	10.1038/s41586-018-0175-2	29875488	INTERVAL; Sun et al. 2018	European	European	source_trusted_no_af	sd		declared_standardised	sd	total	analysis_level	3301	0	0	PMID29875488	first_100_sun_2018_interval_pqtl_pilot		ENSG00000159352	PSMD4	1	151254709	3301	plasma	SomaScan	FALSE	somascan_db_seqid	1
16	GCST90240135	GCST90240135	26S proteasome non-ATPase regulatory subunit 5 levels (PSMD5.10716.35.3)	26S proteasome non-ATPase regulatory subunit 5 measurement	http://www.ebi.ac.uk/efo/EFO_0801331	http://www.ebi.ac.uk/efo/EFO_0801331	resources/data/gwas-ssf-ragged/pqtl-interval-2018/2018-sun-pilot-100/filtered/PSMD5_GCST90240135.filtered.tsv.gz	http://ftp.ebi.ac.uk/pub/databases/gwas/summary_statistics/GCST90240001-GCST90241000/GCST90240135/harmonised/GCST90240135.h.tsv.gz		PSMD5_GCST90240135.filtered.tsv.gz	c2b2cb9ad6d52d2c84af7f81c281511dbc4838ed02a921843593b1d8b3d19863	sha256	421273	GRCh38	EBI GWAS Catalog terms of use	10.1038/s41586-018-0175-2	29875488	INTERVAL; Sun et al. 2018	European	European	source_trusted_no_af	sd		declared_standardised	sd	total	analysis_level	3301	0	0	PMID29875488	first_100_sun_2018_interval_pqtl_pilot		ENSG00000095261	PSMD5	9	120815496	3301	plasma	SomaScan	FALSE	somascan_db_seqid	1
17	GCST90240136	GCST90240136	26S proteasome non-ATPase regulatory subunit 7 levels (PSMD7.3898.5.2)	26S proteasome non-ATPase regulatory subunit 7 amount	http://purl.obolibrary.org/obo/OBA_2050236	http://purl.obolibrary.org/obo/OBA_2050236	resources/data/gwas-ssf-ragged/pqtl-interval-2018/2018-sun-pilot-100/filtered/PSMD7_GCST90240136.filtered.tsv.gz	http://ftp.ebi.ac.uk/pub/databases/gwas/summary_statistics/GCST90240001-GCST90241000/GCST90240136/harmonised/GCST90240136.h.tsv.gz		PSMD7_GCST90240136.filtered.tsv.gz	1f098d36f0995716ed1be6bcafd7d87ca3e9c9f64728a2e3e3fcf11db1d7dfd8	sha256	138341	GRCh38	EBI GWAS Catalog terms of use	10.1038/s41586-018-0175-2	29875488	INTERVAL; Sun et al. 2018	European	European	source_trusted_no_af	sd		declared_standardised	sd	total	analysis_level	3301	0	0	PMID29875488	first_100_sun_2018_interval_pqtl_pilot		ENSG00000103035	PSMD7	16	74296781	3301	plasma	SomaScan	FALSE	somascan_db_seqid	1
18	GCST90240137	GCST90240137	3-hydroxy-3-methylglutaryl-coenzyme A reductase levels (HMGCR.5230.99.3)	3-hydroxy-3-methylglutaryl-coenzymeAreductase measurement	http://www.ebi.ac.uk/efo/EFO_0020113	http://www.ebi.ac.uk/efo/EFO_0020113	resources/data/gwas-ssf-ragged/pqtl-interval-2018/2018-sun-pilot-100/filtered/HMGCR_GCST90240137.filtered.tsv.gz	http://ftp.ebi.ac.uk/pub/databases/gwas/summary_statistics/GCST90240001-GCST90241000/GCST90240137/harmonised/GCST90240137.h.tsv.gz		HMGCR_GCST90240137.filtered.tsv.gz	8415bf68bd123692eaa02133d94e39b799d27c90263023814f80b0168c690440	sha256	118092	GRCh38	EBI GWAS Catalog terms of use	10.1038/s41586-018-0175-2	29875488	INTERVAL; Sun et al. 2018	European	European	source_trusted_no_af	sd		declared_standardised	sd	total	analysis_level	3301	0	0	PMID29875488	first_100_sun_2018_interval_pqtl_pilot		ENSG00000113161	HMGCR	5	75336329	3301	plasma	SomaScan	FALSE	somascan_db_seqid	1
19	GCST90240138	GCST90240138	3-hydroxyacyl-CoA dehydrogenase type-2 levels (HSD17B10.4217.49.3)	3-hydroxyacyl-coa dehydrogenase type-2 measurement	http://www.ebi.ac.uk/efo/EFO_0020114	http://www.ebi.ac.uk/efo/EFO_0020114	resources/data/gwas-ssf-ragged/pqtl-interval-2018/2018-sun-pilot-100/filtered/HSD17B10_GCST90240138.filtered.tsv.gz	http://ftp.ebi.ac.uk/pub/databases/gwas/summary_statistics/GCST90240001-GCST90241000/GCST90240138/harmonised/GCST90240138.h.tsv.gz		HSD17B10_GCST90240138.filtered.tsv.gz	0cc8b853aa8d9da11c795e094bef23b45301807cd3256eef9f7c9d6bcbb3ff78	sha256	957	GRCh38	EBI GWAS Catalog terms of use	10.1038/s41586-018-0175-2	29875488	INTERVAL; Sun et al. 2018	European	European	source_trusted_no_af	sd		declared_standardised	sd	total	analysis_level	3301	0	0	PMID29875488	first_100_sun_2018_interval_pqtl_pilot		ENSG00000072506	HSD17B10	X	53431258	3301	plasma	SomaScan	FALSE	somascan_db_seqid	1
20	GCST90240139	GCST90240139	3-hydroxyanthranilate 3,4-dioxygenase levels (HAAO.5861.78.3)	3-hydroxyanthranilate 3,4-dioxygenase measurement	http://www.ebi.ac.uk/efo/EFO_0021862	http://www.ebi.ac.uk/efo/EFO_0021862	resources/data/gwas-ssf-ragged/pqtl-interval-2018/2018-sun-pilot-100/filtered/HAAO_GCST90240139.filtered.tsv.gz	http://ftp.ebi.ac.uk/pub/databases/gwas/summary_statistics/GCST90240001-GCST90241000/GCST90240139/harmonised/GCST90240139.h.tsv.gz		HAAO_GCST90240139.filtered.tsv.gz	064366ae71f22d68e2dec47f1d1815fdf914c485e31addfcc106b182a8758c6a	sha256	616516	GRCh38	EBI GWAS Catalog terms of use	10.1038/s41586-018-0175-2	29875488	INTERVAL; Sun et al. 2018	European	European	source_trusted_no_af	sd		declared_standardised	sd	total	analysis_level	3301	0	0	PMID29875488	first_100_sun_2018_interval_pqtl_pilot		ENSG00000162882	HAAO	2	42765709	3301	plasma	SomaScan	FALSE	somascan_db_seqid	1
21	GCST90240140	GCST90240140	3-mercaptopyruvate sulfurtransferase levels (MPST.12686.15.3)	3-mercaptopyruvate sulfurtransferase measurement	http://www.ebi.ac.uk/efo/EFO_0802236	http://www.ebi.ac.uk/efo/EFO_0802236	resources/data/gwas-ssf-ragged/pqtl-interval-2018/2018-sun-pilot-100/filtered/MPST_GCST90240140.filtered.tsv.gz	http://ftp.ebi.ac.uk/pub/databases/gwas/summary_statistics/GCST90240001-GCST90241000/GCST90240140/harmonised/GCST90240140.h.tsv.gz		MPST_GCST90240140.filtered.tsv.gz	48108a59c5d4bffe79e3b6e52ccb57259cd9d89b1a64b7222bb015630274b1f4	sha256	266989	GRCh38	EBI GWAS Catalog terms of use	10.1038/s41586-018-0175-2	29875488	INTERVAL; Sun et al. 2018	European	European	source_trusted_no_af	sd		declared_standardised	sd	total	analysis_level	3301	0	0	PMID29875488	first_100_sun_2018_interval_pqtl_pilot		ENSG00000128309	MPST	22	37019635	3301	plasma	SomaScan	FALSE	somascan_db_seqid	1
22	GCST90240141	GCST90240141	39S ribosomal protein L14, mitochondrial levels (MRPL14.8021.59.3)	39S ribosomal protein L14, mitochondrial measurement	http://www.ebi.ac.uk/efo/EFO_0802237	http://www.ebi.ac.uk/efo/EFO_0802237	resources/data/gwas-ssf-ragged/pqtl-interval-2018/2018-sun-pilot-100/filtered/MRPL14_GCST90240141.filtered.tsv.gz	http://ftp.ebi.ac.uk/pub/databases/gwas/summary_statistics/GCST90240001-GCST90241000/GCST90240141/harmonised/GCST90240141.h.tsv.gz		MRPL14_GCST90240141.filtered.tsv.gz	131416d1cad105c1bc31d944d2356499a93f0241fda6d13b016186a0a40d1cd0	sha256	203991	GRCh38	EBI GWAS Catalog terms of use	10.1038/s41586-018-0175-2	29875488	INTERVAL; Sun et al. 2018	European	European	source_trusted_no_af	sd		declared_standardised	sd	total	analysis_level	3301	0	0	PMID29875488	first_100_sun_2018_interval_pqtl_pilot		ENSG00000180992	MRPL14	6	44078275	3301	plasma	SomaScan	FALSE	somascan_db_seqid	1
23	GCST90240142	GCST90240142	39S ribosomal protein L14, mitochondrial levels (MRPL32.7982.10.3)	39S ribosomal protein L14, mitochondrial measurement	http://www.ebi.ac.uk/efo/EFO_0802237	http://www.ebi.ac.uk/efo/EFO_0802237	resources/data/gwas-ssf-ragged/pqtl-interval-2018/2018-sun-pilot-100/filtered/MRPL32_GCST90240142.filtered.tsv.gz	http://ftp.ebi.ac.uk/pub/databases/gwas/summary_statistics/GCST90240001-GCST90241000/GCST90240142/harmonised/GCST90240142.h.tsv.gz		MRPL32_GCST90240142.filtered.tsv.gz	399dad29a34a4437d729091b548d4250d142d443a95a4275974f8dcbe1dec001	sha256	127098	GRCh38	EBI GWAS Catalog terms of use	10.1038/s41586-018-0175-2	29875488	INTERVAL; Sun et al. 2018	European	European	source_trusted_no_af	sd		declared_standardised	sd	total	analysis_level	3301	0	0	PMID29875488	first_100_sun_2018_interval_pqtl_pilot		ENSG00000106591	MRPL32	7	42932346	3301	plasma	SomaScan	FALSE	somascan_db_seqid	1
24	GCST90240143	GCST90240143	39S ribosomal protein L33, mitochondrial levels (MRPL33.13453.2.3)	39S ribosomal protein L33, mitochondrial measurement	http://www.ebi.ac.uk/efo/EFO_0801332	http://www.ebi.ac.uk/efo/EFO_0801332	resources/data/gwas-ssf-ragged/pqtl-interval-2018/2018-sun-pilot-100/filtered/MRPL33_GCST90240143.filtered.tsv.gz	http://ftp.ebi.ac.uk/pub/databases/gwas/summary_statistics/GCST90240001-GCST90241000/GCST90240143/harmonised/GCST90240143.h.tsv.gz		MRPL33_GCST90240143.filtered.tsv.gz	537bb1d1b2ab812dae2d19d437dedbaa315a74c8b06a29005491791dab069bec	sha256	267483	GRCh38	EBI GWAS Catalog terms of use	10.1038/s41586-018-0175-2	29875488	INTERVAL; Sun et al. 2018	European	European	source_trusted_no_af	sd		declared_standardised	sd	total	analysis_level	3301	0	0	PMID29875488	first_100_sun_2018_interval_pqtl_pilot		ENSG00000243147	MRPL33	2	27771683	3301	plasma	SomaScan	FALSE	somascan_db_seqid	1
25	GCST90240144	GCST90240144	39S ribosomal protein L34, mitochondrial levels (MRPL34.6933.20.3)	39S ribosomal protein L34, mitochondrial measurement	http://www.ebi.ac.uk/efo/EFO_0802238	http://www.ebi.ac.uk/efo/EFO_0802238	resources/data/gwas-ssf-ragged/pqtl-interval-2018/2018-sun-pilot-100/filtered/MRPL34_GCST90240144.filtered.tsv.gz	http://ftp.ebi.ac.uk/pub/databases/gwas/summary_statistics/GCST90240001-GCST90241000/GCST90240144/harmonised/GCST90240144.h.tsv.gz		MRPL34_GCST90240144.filtered.tsv.gz	f32e31e942bd9f86e44a3f602cd2d09231a17524a9ebe1aa34bd805aa5915fec	sha256	301997	GRCh38	EBI GWAS Catalog terms of use	10.1038/s41586-018-0175-2	29875488	INTERVAL; Sun et al. 2018	European	European	source_trusted_no_af	sd		declared_standardised	sd	total	analysis_level	3301	0	0	PMID29875488	first_100_sun_2018_interval_pqtl_pilot		ENSG00000130312	MRPL34	19	17292543	3301	plasma	SomaScan	FALSE	somascan_db_seqid	1
26	GCST90240145	GCST90240145	39S ribosomal protein L52, mitochondrial levels (MRPL52.7123.25.3)	39S ribosomal protein L52, mitochondrial measurement	http://www.ebi.ac.uk/efo/EFO_0802239	http://www.ebi.ac.uk/efo/EFO_0802239	resources/data/gwas-ssf-ragged/pqtl-interval-2018/2018-sun-pilot-100/filtered/MRPL52_GCST90240145.filtered.tsv.gz	http://ftp.ebi.ac.uk/pub/databases/gwas/summary_statistics/GCST90240001-GCST90241000/GCST90240145/harmonised/GCST90240145.h.tsv.gz		MRPL52_GCST90240145.filtered.tsv.gz	9ddd6036287123f84b8df0cb0022aee107d1287cee92867eb72500136359a472	sha256	248445	GRCh38	EBI GWAS Catalog terms of use	10.1038/s41586-018-0175-2	29875488	INTERVAL; Sun et al. 2018	European	European	source_trusted_no_af	sd		declared_standardised	sd	total	analysis_level	3301	0	0	PMID29875488	first_100_sun_2018_interval_pqtl_pilot		ENSG00000172590	MRPL52	14	22829871	3301	plasma	SomaScan	FALSE	somascan_db_seqid	1
27	GCST90240146	GCST90240146	4-hydroxy-2-oxoglutarate aldolase, mitochondrial levels (HOGA1.10024.44.3)	4-hydroxy-2-oxoglutarate aldolase, mitochondrial measurement	http://www.ebi.ac.uk/efo/EFO_0802240	http://www.ebi.ac.uk/efo/EFO_0802240	resources/data/gwas-ssf-ragged/pqtl-interval-2018/2018-sun-pilot-100/filtered/HOGA1_GCST90240146.filtered.tsv.gz	http://ftp.ebi.ac.uk/pub/databases/gwas/summary_statistics/GCST90240001-GCST90241000/GCST90240146/harmonised/GCST90240146.h.tsv.gz		HOGA1_GCST90240146.filtered.tsv.gz	bc4770206136124d170a76d0ddb633ab923fb57f86f2cf0bfcf1b28ae2debda7	sha256	108231	GRCh38	EBI GWAS Catalog terms of use	10.1038/s41586-018-0175-2	29875488	INTERVAL; Sun et al. 2018	European	European	source_trusted_no_af	sd		declared_standardised	sd	total	analysis_level	3301	0	0	PMID29875488	first_100_sun_2018_interval_pqtl_pilot		ENSG00000241935	HOGA1	10	97584323	3301	plasma	SomaScan	FALSE	somascan_db_seqid	1
28	GCST90240147	GCST90240147	40S ribosomal protein S3 levels (RPS3.5026.66.1)	40s ribosomal protein S3 measurement	http://www.ebi.ac.uk/efo/EFO_0020117	http://www.ebi.ac.uk/efo/EFO_0020117	resources/data/gwas-ssf-ragged/pqtl-interval-2018/2018-sun-pilot-100/filtered/RPS3_GCST90240147.filtered.tsv.gz	http://ftp.ebi.ac.uk/pub/databases/gwas/summary_statistics/GCST90240001-GCST90241000/GCST90240147/harmonised/GCST90240147.h.tsv.gz		RPS3_GCST90240147.filtered.tsv.gz	c698895d5ec376dddf3e80bdf9304207c92454e9de95c0924012b43d259391a2	sha256	273573	GRCh38	EBI GWAS Catalog terms of use	10.1038/s41586-018-0175-2	29875488	INTERVAL; Sun et al. 2018	European	European	source_trusted_no_af	sd		declared_standardised	sd	total	analysis_level	3301	0	0	PMID29875488	first_100_sun_2018_interval_pqtl_pilot		ENSG00000149273	RPS3	11	75394327	3301	plasma	SomaScan	FALSE	somascan_db_seqid	1
29	GCST90240148	GCST90240148	40S ribosomal protein S3a levels (RPS3A.5484.63.3)	40S ribosomal protein S3a measurement	http://www.ebi.ac.uk/efo/EFO_0801333	http://www.ebi.ac.uk/efo/EFO_0801333	resources/data/gwas-ssf-ragged/pqtl-interval-2018/2018-sun-pilot-100/filtered/RPS3A_GCST90240148.filtered.tsv.gz	http://ftp.ebi.ac.uk/pub/databases/gwas/summary_statistics/GCST90240001-GCST90241000/GCST90240148/harmonised/GCST90240148.h.tsv.gz		RPS3A_GCST90240148.filtered.tsv.gz	1b0acf0794de11508dac9d7cad03535e5ac2160c5ba7d5bd4442a4ac054b4da0	sha256	275549	GRCh38	EBI GWAS Catalog terms of use	10.1038/s41586-018-0175-2	29875488	INTERVAL; Sun et al. 2018	European	European	source_trusted_no_af	sd		declared_standardised	sd	total	analysis_level	3301	0	0	PMID29875488	first_100_sun_2018_interval_pqtl_pilot		ENSG00000145425	RPS3A	4	151099564	3301	plasma	SomaScan	FALSE	somascan_db_seqid	1
30	GCST90240149	GCST90240149	40S ribosomal protein S4, X isoform levels (RPS4X.9758.17.3)	40S ribosomal protein S4, X isoform measurement	http://www.ebi.ac.uk/efo/EFO_0801334	http://www.ebi.ac.uk/efo/EFO_0801334	resources/data/gwas-ssf-ragged/pqtl-interval-2018/2018-sun-pilot-100/filtered/RPS4X_GCST90240149.filtered.tsv.gz	http://ftp.ebi.ac.uk/pub/databases/gwas/summary_statistics/GCST90240001-GCST90241000/GCST90240149/harmonised/GCST90240149.h.tsv.gz		RPS4X_GCST90240149.filtered.tsv.gz	a096a16f3b4577f7fea3eb85897c49ee9e9853b2983a26e0e89b602b49dbdcb1	sha256	292038	GRCh38	EBI GWAS Catalog terms of use	10.1038/s41586-018-0175-2	29875488	INTERVAL; Sun et al. 2018	European	European	source_trusted_no_af	sd		declared_standardised	sd	total	analysis_level	3301	0	0	PMID29875488	first_100_sun_2018_interval_pqtl_pilot		ENSG00000198034	RPS4X	X	72255661	3301	plasma	SomaScan	FALSE	somascan_db_seqid	1
31	GCST90240150	GCST90240150	40S ribosomal protein S7 levels (RPS7.3864.5.2)	40s ribosomal protein S7 measurement	http://www.ebi.ac.uk/efo/EFO_0020118	http://www.ebi.ac.uk/efo/EFO_0020118	resources/data/gwas-ssf-ragged/pqtl-interval-2018/2018-sun-pilot-100/filtered/RPS7_GCST90240150.filtered.tsv.gz	http://ftp.ebi.ac.uk/pub/databases/gwas/summary_statistics/GCST90240001-GCST90241000/GCST90240150/harmonised/GCST90240150.h.tsv.gz		RPS7_GCST90240150.filtered.tsv.gz	e0ed2e5ab157629f0f07041e73f4644647865777e95c01002dfd281fdbe7500f	sha256	443589	GRCh38	EBI GWAS Catalog terms of use	10.1038/s41586-018-0175-2	29875488	INTERVAL; Sun et al. 2018	European	European	source_trusted_no_af	sd		declared_standardised	sd	total	analysis_level	3301	0	0	PMID29875488	first_100_sun_2018_interval_pqtl_pilot		ENSG00000171863	RPS7	2	3575198	3301	plasma	SomaScan	FALSE	somascan_db_seqid	1
32	GCST90240151	GCST90240151	40S ribosomal protein SA levels (RPSA.4957.1.2)	40s ribosomal protein SA measurement	http://www.ebi.ac.uk/efo/EFO_0020119	http://www.ebi.ac.uk/efo/EFO_0020119	resources/data/gwas-ssf-ragged/pqtl-interval-2018/2018-sun-pilot-100/filtered/RPSA_GCST90240151.filtered.tsv.gz	http://ftp.ebi.ac.uk/pub/databases/gwas/summary_statistics/GCST90240001-GCST90241000/GCST90240151/harmonised/GCST90240151.h.tsv.gz		RPSA_GCST90240151.filtered.tsv.gz	5e151e8f60d0226a3e61b7e77d98948ae95df5d67f064cc6d616570d5f1e7d25	sha256	444432	GRCh38	EBI GWAS Catalog terms of use	10.1038/s41586-018-0175-2	29875488	INTERVAL; Sun et al. 2018	European	European	source_trusted_no_af	sd		declared_standardised	sd	total	analysis_level	3301	0	0	PMID29875488	first_100_sun_2018_interval_pqtl_pilot		ENSG00000168028	RPSA	3	39406709	3301	plasma	SomaScan	FALSE	somascan_db_gene_name	1
33	GCST90240152	GCST90240152	5-formyltetrahydrofolate cyclo-ligase levels (MTHFS.14107.1.3)	5-formyltetrahydrofolate cyclo-ligase measurement	http://www.ebi.ac.uk/efo/EFO_0801335	http://www.ebi.ac.uk/efo/EFO_0801335	resources/data/gwas-ssf-ragged/pqtl-interval-2018/2018-sun-pilot-100/filtered/MTHFS_GCST90240152.filtered.tsv.gz	http://ftp.ebi.ac.uk/pub/databases/gwas/summary_statistics/GCST90240001-GCST90241000/GCST90240152/harmonised/GCST90240152.h.tsv.gz		MTHFS_GCST90240152.filtered.tsv.gz	f33f0d6fd437be19758b911ba3806c01a3cdaae1257d090c01e2fe545e6b9e88	sha256	309209	GRCh38	EBI GWAS Catalog terms of use	10.1038/s41586-018-0175-2	29875488	INTERVAL; Sun et al. 2018	European	European	source_trusted_no_af	sd		declared_standardised	sd	total	analysis_level	3301	0	0	PMID29875488	first_100_sun_2018_interval_pqtl_pilot		ENSG00000136371	MTHFS	15	79833585	3301	plasma	SomaScan	FALSE	somascan_db_seqid	1
34	GCST90240153	GCST90240153	5'-Nucleotidase levels (NT5E.6993.8.3)	5'-nucleotidase measurement	http://www.ebi.ac.uk/efo/EFO_0802241	http://www.ebi.ac.uk/efo/EFO_0802241	resources/data/gwas-ssf-ragged/pqtl-interval-2018/2018-sun-pilot-100/filtered/NT5E_GCST90240153.filtered.tsv.gz	http://ftp.ebi.ac.uk/pub/databases/gwas/summary_statistics/GCST90240001-GCST90241000/GCST90240153/harmonised/GCST90240153.h.tsv.gz		NT5E_GCST90240153.filtered.tsv.gz	a303440d4c008f9eca2404c80dacc473035885cc0fd4363b61c0c82f721f3a0f	sha256	139295	GRCh38	EBI GWAS Catalog terms of use	10.1038/s41586-018-0175-2	29875488	INTERVAL; Sun et al. 2018	European	European	source_trusted_no_af	sd		declared_standardised	sd	total	analysis_level	3301	0	0	PMID29875488	first_100_sun_2018_interval_pqtl_pilot		ENSG00000135318	NT5E	6	85449584	3301	plasma	SomaScan	FALSE	somascan_db_seqid	1
35	GCST90240154	GCST90240154	5'(3')-deoxyribonucleotidase, cytosolic type levels (NT5C.12560.9.3)	5'(3')-deoxyribonucleotidase, cytosolic type measurement	http://www.ebi.ac.uk/efo/EFO_0801336	http://www.ebi.ac.uk/efo/EFO_0801336	resources/data/gwas-ssf-ragged/pqtl-interval-2018/2018-sun-pilot-100/filtered/NT5C_GCST90240154.filtered.tsv.gz	http://ftp.ebi.ac.uk/pub/databases/gwas/summary_statistics/GCST90240001-GCST90241000/GCST90240154/harmonised/GCST90240154.h.tsv.gz		NT5C_GCST90240154.filtered.tsv.gz	5b0880fcfd3843acd7ebd12f17bb66008ad3fe5b1e7834834cc6d1bde028f96f	sha256	123200	GRCh38	EBI GWAS Catalog terms of use	10.1038/s41586-018-0175-2	29875488	INTERVAL; Sun et al. 2018	European	European	source_trusted_no_af	sd		declared_standardised	sd	total	analysis_level	3301	0	0	PMID29875488	first_100_sun_2018_interval_pqtl_pilot		ENSG00000125458	NT5C	17	75130225	3301	plasma	SomaScan	FALSE	somascan_db_seqid	1
36	GCST90240155	GCST90240155	6-pyruvoyl tetrahydrobiopterin synthase levels (PTS.12014.19.3)	6-pyruvoyl tetrahydrobiopterin synthase measurement	http://www.ebi.ac.uk/efo/EFO_0802242	http://www.ebi.ac.uk/efo/EFO_0802242	resources/data/gwas-ssf-ragged/pqtl-interval-2018/2018-sun-pilot-100/filtered/PTS_GCST90240155.filtered.tsv.gz	http://ftp.ebi.ac.uk/pub/databases/gwas/summary_statistics/GCST90240001-GCST90241000/GCST90240155/harmonised/GCST90240155.h.tsv.gz		PTS_GCST90240155.filtered.tsv.gz	6b0a39c608701b80afea5019078a24261a115474b62e2cf2940150230a098a20	sha256	227675	GRCh38	EBI GWAS Catalog terms of use	10.1038/s41586-018-0175-2	29875488	INTERVAL; Sun et al. 2018	European	European	source_trusted_no_af	sd		declared_standardised	sd	total	analysis_level	3301	0	0	PMID29875488	first_100_sun_2018_interval_pqtl_pilot		ENSG00000150787	PTS	11	112226059	3301	plasma	SomaScan	FALSE	somascan_db_seqid	1
37	GCST90240156	GCST90240156	60S acidic ribosomal protein P2 levels (RPLP2.10949.59.3)	60S acidic ribosomal protein P2 measurement	http://www.ebi.ac.uk/efo/EFO_0802243	http://www.ebi.ac.uk/efo/EFO_0802243	resources/data/gwas-ssf-ragged/pqtl-interval-2018/2018-sun-pilot-100/filtered/RPLP2_GCST90240156.filtered.tsv.gz	http://ftp.ebi.ac.uk/pub/databases/gwas/summary_statistics/GCST90240001-GCST90241000/GCST90240156/harmonised/GCST90240156.h.tsv.gz		RPLP2_GCST90240156.filtered.tsv.gz	6d412f7cd8e9d9a7e8066e10cb68cf78863f4ef6798cfeb7667097df520741d4	sha256	133397	GRCh38	EBI GWAS Catalog terms of use	10.1038/s41586-018-0175-2	29875488	INTERVAL; Sun et al. 2018	European	European	source_trusted_no_af	sd		declared_standardised	sd	total	analysis_level	3301	0	0	PMID29875488	first_100_sun_2018_interval_pqtl_pilot		ENSG00000177600	RPLP2	11	799414	3301	plasma	SomaScan	FALSE	somascan_db_seqid	1
38	GCST90240157	GCST90240157	60S ribosomal protein L30 levels (RPL30.12478.15.3)	60S ribosomal protein L30 measurement	http://www.ebi.ac.uk/efo/EFO_0801337	http://www.ebi.ac.uk/efo/EFO_0801337	resources/data/gwas-ssf-ragged/pqtl-interval-2018/2018-sun-pilot-100/filtered/RPL30_GCST90240157.filtered.tsv.gz	http://ftp.ebi.ac.uk/pub/databases/gwas/summary_statistics/GCST90240001-GCST90241000/GCST90240157/harmonised/GCST90240157.h.tsv.gz		RPL30_GCST90240157.filtered.tsv.gz	ecac6c5bc5f5c5de7b14911db9137ae2b11eb6b58a3d1116229626484fe13e62	sha256	277611	GRCh38	EBI GWAS Catalog terms of use	10.1038/s41586-018-0175-2	29875488	INTERVAL; Sun et al. 2018	European	European	source_trusted_no_af	sd		declared_standardised	sd	total	analysis_level	3301	0	0	PMID29875488	first_100_sun_2018_interval_pqtl_pilot		ENSG00000156482	RPL30	8	98016387	3301	plasma	SomaScan	FALSE	somascan_db_seqid	1
39	GCST90240158	GCST90240158	72 kDa inositol polyphosphate 5-phosphatase levels (INPP5E.11370.20.3)	72 kDa inositol polyphosphate 5-phosphatase measurement	http://www.ebi.ac.uk/efo/EFO_0802244	http://www.ebi.ac.uk/efo/EFO_0802244	resources/data/gwas-ssf-ragged/pqtl-interval-2018/2018-sun-pilot-100/filtered/INPP5E_GCST90240158.filtered.tsv.gz	http://ftp.ebi.ac.uk/pub/databases/gwas/summary_statistics/GCST90240001-GCST90241000/GCST90240158/harmonised/GCST90240158.h.tsv.gz		INPP5E_GCST90240158.filtered.tsv.gz	9c1d383e891ff5e5b1628f16df9220c802847d6b9e77ff38e03e46493c7534e2	sha256	243792	GRCh38	EBI GWAS Catalog terms of use	10.1038/s41586-018-0175-2	29875488	INTERVAL; Sun et al. 2018	European	European	source_trusted_no_af	sd		declared_standardised	sd	total	analysis_level	3301	0	0	PMID29875488	first_100_sun_2018_interval_pqtl_pilot		ENSG00000148384	INPP5E	9	136428615	3301	plasma	SomaScan	FALSE	somascan_db_seqid	1
40	GCST90240159	GCST90240159	72 kDa type IV collagenase levels (MMP2.4160.49.1)	72 kda type IV collagenase measurement	http://www.ebi.ac.uk/efo/EFO_0020122	http://www.ebi.ac.uk/efo/EFO_0020122	resources/data/gwas-ssf-ragged/pqtl-interval-2018/2018-sun-pilot-100/filtered/MMP2_GCST90240159.filtered.tsv.gz	http://ftp.ebi.ac.uk/pub/databases/gwas/summary_statistics/GCST90240001-GCST90241000/GCST90240159/harmonised/GCST90240159.h.tsv.gz		MMP2_GCST90240159.filtered.tsv.gz	c3605c583a4b365b396b60ab153fa92c614bdcf7153dc8369c2ce4cad1b99213	sha256	253400	GRCh38	EBI GWAS Catalog terms of use	10.1038/s41586-018-0175-2	29875488	INTERVAL; Sun et al. 2018	European	European	source_trusted_no_af	sd		declared_standardised	sd	total	analysis_level	3301	0	0	PMID29875488	first_100_sun_2018_interval_pqtl_pilot		ENSG00000087245	MMP2	16	55389700	3301	plasma	SomaScan	FALSE	somascan_db_seqid	1
41	GCST90240160	GCST90240160	A disintegrin and metalloproteinase with thrombospondin motifs 1 levels (ADAMTS1.3174.2.1)	a disintegrin and metalloproteinase with thrombospondin motifs 1 measurement	http://www.ebi.ac.uk/efo/EFO_0021968	http://www.ebi.ac.uk/efo/EFO_0021968	resources/data/gwas-ssf-ragged/pqtl-interval-2018/2018-sun-pilot-100/filtered/ADAMTS1_GCST90240160.filtered.tsv.gz	http://ftp.ebi.ac.uk/pub/databases/gwas/summary_statistics/GCST90240001-GCST90241000/GCST90240160/harmonised/GCST90240160.h.tsv.gz		ADAMTS1_GCST90240160.filtered.tsv.gz	f5196e6f39bf248dac07b070485ab053ed91e5466f563257418ed54c84afd996	sha256	134718	GRCh38	EBI GWAS Catalog terms of use	10.1038/s41586-018-0175-2	29875488	INTERVAL; Sun et al. 2018	European	European	source_trusted_no_af	sd		declared_standardised	sd	total	analysis_level	3301	0	0	PMID29875488	first_100_sun_2018_interval_pqtl_pilot		ENSG00000154734	ADAMTS1	21	26835687	3301	plasma	SomaScan	FALSE	somascan_db_seqid	1
42	GCST90240161	GCST90240161	A disintegrin and metalloproteinase with thrombospondin motifs 13 levels (ADAMTS13.3175.51.5)	ADAMTS13 measurement	http://www.ebi.ac.uk/efo/EFO_0009269	http://www.ebi.ac.uk/efo/EFO_0009269	resources/data/gwas-ssf-ragged/pqtl-interval-2018/2018-sun-pilot-100/filtered/ADAMTS13_GCST90240161.filtered.tsv.gz	http://ftp.ebi.ac.uk/pub/databases/gwas/summary_statistics/GCST90240001-GCST90241000/GCST90240161/harmonised/GCST90240161.h.tsv.gz		ADAMTS13_GCST90240161.filtered.tsv.gz	281d135737c0f84516b198ff7bc89ddbe3400b9d27b693d13f45f37dc01796eb	sha256	271640	GRCh38	EBI GWAS Catalog terms of use	10.1038/s41586-018-0175-2	29875488	INTERVAL; Sun et al. 2018	European	European	source_trusted_no_af	sd		declared_standardised	sd	total	analysis_level	3301	0	0	PMID29875488	first_100_sun_2018_interval_pqtl_pilot		ENSG00000160323	ADAMTS13	9	133414358	3301	plasma	SomaScan	FALSE	somascan_db_seqid	1
43	GCST90240162	GCST90240162	A disintegrin and metalloproteinase with thrombospondin motifs 15 levels (ADAMTS15.4533.76.2)	a disintegrin and metalloproteinase with thrombospondin motifs 15 measurement	http://www.ebi.ac.uk/efo/EFO_0020123	http://www.ebi.ac.uk/efo/EFO_0020123	resources/data/gwas-ssf-ragged/pqtl-interval-2018/2018-sun-pilot-100/filtered/ADAMTS15_GCST90240162.filtered.tsv.gz	http://ftp.ebi.ac.uk/pub/databases/gwas/summary_statistics/GCST90240001-GCST90241000/GCST90240162/harmonised/GCST90240162.h.tsv.gz		ADAMTS15_GCST90240162.filtered.tsv.gz	18238c826d73acab2ec079a5364ed1251aa561bcbc26b36c1b6d6da689afacd6	sha256	133791	GRCh38	EBI GWAS Catalog terms of use	10.1038/s41586-018-0175-2	29875488	INTERVAL; Sun et al. 2018	European	European	source_trusted_no_af	sd		declared_standardised	sd	total	analysis_level	3301	0	0	PMID29875488	first_100_sun_2018_interval_pqtl_pilot		ENSG00000166106	ADAMTS15	11	130448635	3301	plasma	SomaScan	FALSE	somascan_db_seqid	1
44	GCST90240163	GCST90240163	A disintegrin and metalloproteinase with thrombospondin motifs 3 levels (ADAMTS3.8845.2.3)	a disintegrin and metalloproteinase with thrombospondin motifs 3 measurement	http://www.ebi.ac.uk/efo/EFO_0802245	http://www.ebi.ac.uk/efo/EFO_0802245	resources/data/gwas-ssf-ragged/pqtl-interval-2018/2018-sun-pilot-100/filtered/ADAMTS3_GCST90240163.filtered.tsv.gz	http://ftp.ebi.ac.uk/pub/databases/gwas/summary_statistics/GCST90240001-GCST90241000/GCST90240163/harmonised/GCST90240163.h.tsv.gz		ADAMTS3_GCST90240163.filtered.tsv.gz	030914674df904f0f9050d985a625e64a2584af256e77ff2d834803289bc676e	sha256	125932	GRCh38	EBI GWAS Catalog terms of use	10.1038/s41586-018-0175-2	29875488	INTERVAL; Sun et al. 2018	European	European	source_trusted_no_af	sd		declared_standardised	sd	total	analysis_level	3301	0	0	PMID29875488	first_100_sun_2018_interval_pqtl_pilot		ENSG00000156140	ADAMTS3	4	72280969	3301	plasma	SomaScan	FALSE	somascan_db_seqid	1
45	GCST90240164	GCST90240164	A disintegrin and metalloproteinase with thrombospondin motifs 4 levels (ADAMTS4.2809.25.2)	a disintegrin and metalloproteinase with thrombospondin motifs 4 measurement	http://www.ebi.ac.uk/efo/EFO_0020124	http://www.ebi.ac.uk/efo/EFO_0020124	resources/data/gwas-ssf-ragged/pqtl-interval-2018/2018-sun-pilot-100/filtered/ADAMTS4_GCST90240164.filtered.tsv.gz	http://ftp.ebi.ac.uk/pub/databases/gwas/summary_statistics/GCST90240001-GCST90241000/GCST90240164/harmonised/GCST90240164.h.tsv.gz		ADAMTS4_GCST90240164.filtered.tsv.gz	f8157212b7bd5adac47d3cf79ea487ca75ba5ba43ef2cc7a2b7524f14130aa7e	sha256	293698	GRCh38	EBI GWAS Catalog terms of use	10.1038/s41586-018-0175-2	29875488	INTERVAL; Sun et al. 2018	European	European	source_trusted_no_af	sd		declared_standardised	sd	total	analysis_level	3301	0	0	PMID29875488	first_100_sun_2018_interval_pqtl_pilot		ENSG00000158859	ADAMTS4	1	161184302	3301	plasma	SomaScan	FALSE	somascan_db_seqid	1
46	GCST90240165	GCST90240165	A disintegrin and metalloproteinase with thrombospondin motifs 5 levels (ADAMTS5.3168.8.2)	a disintegrin and metalloproteinase with thrombospondin motifs 5 measurement	http://www.ebi.ac.uk/efo/EFO_0008326	http://www.ebi.ac.uk/efo/EFO_0008326	resources/data/gwas-ssf-ragged/pqtl-interval-2018/2018-sun-pilot-100/filtered/ADAMTS5_GCST90240165.filtered.tsv.gz	http://ftp.ebi.ac.uk/pub/databases/gwas/summary_statistics/GCST90240001-GCST90241000/GCST90240165/harmonised/GCST90240165.h.tsv.gz		ADAMTS5_GCST90240165.filtered.tsv.gz	fd93a28d8d53913b1931ceeae0edfa8e77d679fbb3d6849e4b59634746ab8057	sha256	307322	GRCh38	EBI GWAS Catalog terms of use	10.1038/s41586-018-0175-2	29875488	INTERVAL; Sun et al. 2018	European	European	source_trusted_no_af	sd		declared_standardised	sd	total	analysis_level	3301	0	0	PMID29875488	first_100_sun_2018_interval_pqtl_pilot		ENSG00000154736	ADAMTS5	21	26917922	3301	plasma	SomaScan	FALSE	somascan_db_seqid	1
47	GCST90240166	GCST90240166	A disintegrin and metalloproteinase with thrombospondin motifs 6 levels (ADAMTS6.6441.62.3)	a disintegrin and metalloproteinase with thrombospondin motifs 6 measurement	http://www.ebi.ac.uk/efo/EFO_0801338	http://www.ebi.ac.uk/efo/EFO_0801338	resources/data/gwas-ssf-ragged/pqtl-interval-2018/2018-sun-pilot-100/filtered/ADAMTS6_GCST90240166.filtered.tsv.gz	http://ftp.ebi.ac.uk/pub/databases/gwas/summary_statistics/GCST90240001-GCST90241000/GCST90240166/harmonised/GCST90240166.h.tsv.gz		ADAMTS6_GCST90240166.filtered.tsv.gz	7e7d2a496686ebe3992118df7a0e4bf0728eecae047c1ea29b0960152ca0f510	sha256	503767	GRCh38	EBI GWAS Catalog terms of use	10.1038/s41586-018-0175-2	29875488	INTERVAL; Sun et al. 2018	European	European	source_trusted_no_af	sd		declared_standardised	sd	total	analysis_level	3301	0	0	PMID29875488	first_100_sun_2018_interval_pqtl_pilot		ENSG00000049192	ADAMTS6	5	65148738	3301	plasma	SomaScan	FALSE	somascan_db_seqid	1
48	GCST90240167	GCST90240167	A/G-specific adenine DNA glycosylase levels (MUTYH.10030.8.3)	A/G-specific adenine DNA glycosylase measurement	http://www.ebi.ac.uk/efo/EFO_0802246	http://www.ebi.ac.uk/efo/EFO_0802246	resources/data/gwas-ssf-ragged/pqtl-interval-2018/2018-sun-pilot-100/filtered/MUTYH_GCST90240167.filtered.tsv.gz	http://ftp.ebi.ac.uk/pub/databases/gwas/summary_statistics/GCST90240001-GCST90241000/GCST90240167/harmonised/GCST90240167.h.tsv.gz		MUTYH_GCST90240167.filtered.tsv.gz	fb34394d254c199e0862de2df4209be5119b5b54135810b5b1f81e96626ad151	sha256	88464	GRCh38	EBI GWAS Catalog terms of use	10.1038/s41586-018-0175-2	29875488	INTERVAL; Sun et al. 2018	European	European	source_trusted_no_af	sd		declared_standardised	sd	total	analysis_level	3301	0	0	PMID29875488	first_100_sun_2018_interval_pqtl_pilot		ENSG00000132781	MUTYH	1	45329163	3301	plasma	SomaScan	FALSE	somascan_db_seqid	1
49	GCST90240168	GCST90240168	AarF domain-containing protein kinase 4 levels (ADCK4.9794.17.3)	aarF domain-containing protein kinase 4 measurement	http://www.ebi.ac.uk/efo/EFO_0802247	http://www.ebi.ac.uk/efo/EFO_0802247	resources/data/gwas-ssf-ragged/pqtl-interval-2018/2018-sun-pilot-100/filtered/COQ8B_GCST90240168.filtered.tsv.gz	http://ftp.ebi.ac.uk/pub/databases/gwas/summary_statistics/GCST90240001-GCST90241000/GCST90240168/harmonised/GCST90240168.h.tsv.gz		COQ8B_GCST90240168.filtered.tsv.gz	42026d325a4f2f7125a6893afc52aca47b8fff7fb46ae84cfd75688bfd41ae19	sha256	123231	GRCh38	EBI GWAS Catalog terms of use	10.1038/s41586-018-0175-2	29875488	INTERVAL; Sun et al. 2018	European	European	source_trusted_no_af	sd		declared_standardised	sd	total	analysis_level	3301	0	0	PMID29875488	first_100_sun_2018_interval_pqtl_pilot		ENSG00000123815	COQ8B	19	40691514	3301	plasma	SomaScan	FALSE	somascan_db_seqid	1
50	GCST90240169	GCST90240169	Abelson tyrosine-protein kinase 2 levels (ABL2.5261.13.3)	Abelson tyrosine-protein kinase 2 measurement	http://www.ebi.ac.uk/efo/EFO_0008012	http://www.ebi.ac.uk/efo/EFO_0008012	resources/data/gwas-ssf-ragged/pqtl-interval-2018/2018-sun-pilot-100/filtered/ABL2_GCST90240169.filtered.tsv.gz	http://ftp.ebi.ac.uk/pub/databases/gwas/summary_statistics/GCST90240001-GCST90241000/GCST90240169/harmonised/GCST90240169.h.tsv.gz		ABL2_GCST90240169.filtered.tsv.gz	f7019ef1d2018f1cccbb8a08f58d15d66c077328a672ffd886ed9a904f40951d	sha256	215174	GRCh38	EBI GWAS Catalog terms of use	10.1038/s41586-018-0175-2	29875488	INTERVAL; Sun et al. 2018	European	European	source_trusted_no_af	sd		declared_standardised	sd	total	analysis_level	3301	0	0	PMID29875488	first_100_sun_2018_interval_pqtl_pilot		ENSG00000143322	ABL2	1	179099330	3301	plasma	SomaScan	FALSE	somascan_db_seqid	1
51	GCST90240170	GCST90240170	Acetyl-CoA carboxylase 2 levels (ACACB.12900.29.3)	acetyl-CoA carboxylase 2 measurement	http://www.ebi.ac.uk/efo/EFO_0802248	http://www.ebi.ac.uk/efo/EFO_0802248	resources/data/gwas-ssf-ragged/pqtl-interval-2018/2018-sun-pilot-100/filtered/ACACB_GCST90240170.filtered.tsv.gz	http://ftp.ebi.ac.uk/pub/databases/gwas/summary_statistics/GCST90240001-GCST90241000/GCST90240170/harmonised/GCST90240170.h.tsv.gz		ACACB_GCST90240170.filtered.tsv.gz	d13f53bec3a87474042abe7d4694c6b8af76a491bf27cf0e9907130a1f67c483	sha256	341386	GRCh38	EBI GWAS Catalog terms of use	10.1038/s41586-018-0175-2	29875488	INTERVAL; Sun et al. 2018	European	European	source_trusted_no_af	sd		declared_standardised	sd	total	analysis_level	3301	0	0	PMID29875488	first_100_sun_2018_interval_pqtl_pilot		ENSG00000076555	ACACB	12	109116320	3301	plasma	SomaScan	FALSE	somascan_db_gene_name	1
52	GCST90240171	GCST90240171	Acid ceramidase levels (ASAH1.5748.20.3)	acid ceramidase measurement	http://www.ebi.ac.uk/efo/EFO_0801339	http://www.ebi.ac.uk/efo/EFO_0801339	resources/data/gwas-ssf-ragged/pqtl-interval-2018/2018-sun-pilot-100/filtered/ASAH1_GCST90240171.filtered.tsv.gz	http://ftp.ebi.ac.uk/pub/databases/gwas/summary_statistics/GCST90240001-GCST90241000/GCST90240171/harmonised/GCST90240171.h.tsv.gz		ASAH1_GCST90240171.filtered.tsv.gz	6e75175f321197044fd7c86ad0eebc593bd5c0d88b47a6b84937032e9c042aed	sha256	520002	GRCh38	EBI GWAS Catalog terms of use	10.1038/s41586-018-0175-2	29875488	INTERVAL; Sun et al. 2018	European	European	source_trusted_no_af	sd		declared_standardised	sd	total	analysis_level	3301	0	0	PMID29875488	first_100_sun_2018_interval_pqtl_pilot		ENSG00000104763	ASAH1	8	18055992	3301	plasma	SomaScan	FALSE	somascan_db_seqid	1
53	GCST90240172	GCST90240172	Acid sphingomyelinase-like phosphodiesterase 3a levels (SMPDL3A.14086.11.3)	acid sphingomyelinase-like phosphodiesterase 3a measurement	http://www.ebi.ac.uk/efo/EFO_0008013	http://www.ebi.ac.uk/efo/EFO_0008013	resources/data/gwas-ssf-ragged/pqtl-interval-2018/2018-sun-pilot-100/filtered/SMPDL3A_GCST90240172.filtered.tsv.gz	http://ftp.ebi.ac.uk/pub/databases/gwas/summary_statistics/GCST90240001-GCST90241000/GCST90240172/harmonised/GCST90240172.h.tsv.gz		SMPDL3A_GCST90240172.filtered.tsv.gz	1c38d9e94c52c7da866d28fdf079e21089cd63448b543867a3ab3fe7fef9058d	sha256	264722	GRCh38	EBI GWAS Catalog terms of use	10.1038/s41586-018-0175-2	29875488	INTERVAL; Sun et al. 2018	European	European	source_trusted_no_af	sd		declared_standardised	sd	total	analysis_level	3301	0	0	PMID29875488	first_100_sun_2018_interval_pqtl_pilot		ENSG00000172594	SMPDL3A	6	122788456	3301	plasma	SomaScan	FALSE	somascan_db_seqid	1
54	GCST90240173	GCST90240173	Acid sphingomyelinase-like phosphodiesterase 3a levels (SMPDL3A.4771.10.3)	acid sphingomyelinase-like phosphodiesterase 3a measurement	http://www.ebi.ac.uk/efo/EFO_0008013	http://www.ebi.ac.uk/efo/EFO_0008013	resources/data/gwas-ssf-ragged/pqtl-interval-2018/2018-sun-pilot-100/filtered/SMPDL3A_GCST90240173.filtered.tsv.gz	http://ftp.ebi.ac.uk/pub/databases/gwas/summary_statistics/GCST90240001-GCST90241000/GCST90240173/harmonised/GCST90240173.h.tsv.gz		SMPDL3A_GCST90240173.filtered.tsv.gz	2c5a1ca5ca0b39a10dec1c810f93c4c0295c02cdbed39a9df70652d134288206	sha256	199581	GRCh38	EBI GWAS Catalog terms of use	10.1038/s41586-018-0175-2	29875488	INTERVAL; Sun et al. 2018	European	European	source_trusted_no_af	sd		declared_standardised	sd	total	analysis_level	3301	0	0	PMID29875488	first_100_sun_2018_interval_pqtl_pilot		ENSG00000172594	SMPDL3A	6	122788456	3301	plasma	SomaScan	FALSE	somascan_db_seqid	1
55	GCST90240174	GCST90240174	Acid-sensing ion channel 4 levels (ASIC4.6951.26.3)	acid-sensing ion channel 4 measurement	http://www.ebi.ac.uk/efo/EFO_0802249	http://www.ebi.ac.uk/efo/EFO_0802249	resources/data/gwas-ssf-ragged/pqtl-interval-2018/2018-sun-pilot-100/filtered/ASIC4_GCST90240174.filtered.tsv.gz	http://ftp.ebi.ac.uk/pub/databases/gwas/summary_statistics/GCST90240001-GCST90241000/GCST90240174/harmonised/GCST90240174.h.tsv.gz		ASIC4_GCST90240174.filtered.tsv.gz	4730d6ad64a55832a757d53c13b2a8fe2070d7f373d0f25abc371981a78a0e11	sha256	107940	GRCh38	EBI GWAS Catalog terms of use	10.1038/s41586-018-0175-2	29875488	INTERVAL; Sun et al. 2018	European	European	source_trusted_no_af	sd		declared_standardised	sd	total	analysis_level	3301	0	0	PMID29875488	first_100_sun_2018_interval_pqtl_pilot		ENSG00000072182	ASIC4	2	219514170	3301	plasma	SomaScan	FALSE	somascan_db_seqid	1
56	GCST90240175	GCST90240175	Acidic leucine-rich nuclear phosphoprotein 32 family member A levels (ANP32A.13073.14.3)	acidic leucine-rich nuclear phosphoprotein 32 family member A measurement	http://www.ebi.ac.uk/efo/EFO_0802250	http://www.ebi.ac.uk/efo/EFO_0802250	resources/data/gwas-ssf-ragged/pqtl-interval-2018/2018-sun-pilot-100/filtered/ANP32A_GCST90240175.filtered.tsv.gz	http://ftp.ebi.ac.uk/pub/databases/gwas/summary_statistics/GCST90240001-GCST90241000/GCST90240175/harmonised/GCST90240175.h.tsv.gz		ANP32A_GCST90240175.filtered.tsv.gz	dd4b56da1de4641dc97d41b447e2dd178cbe2b158c74dd029f334fec16eb24b9	sha256	103360	GRCh38	EBI GWAS Catalog terms of use	10.1038/s41586-018-0175-2	29875488	INTERVAL; Sun et al. 2018	European	European	source_trusted_no_af	sd		declared_standardised	sd	total	analysis_level	3301	0	0	PMID29875488	first_100_sun_2018_interval_pqtl_pilot		ENSG00000140350	ANP32A	15	68778534	3301	plasma	SomaScan	FALSE	somascan_db_seqid	1
57	GCST90240176	GCST90240176	Acidic leucine-rich nuclear phosphoprotein 32 family member B levels (ANP32B.4194.26.3)	acidic leucine-rich nuclear phosphoprotein 32 family member b measurement	http://www.ebi.ac.uk/efo/EFO_0020125	http://www.ebi.ac.uk/efo/EFO_0020125	resources/data/gwas-ssf-ragged/pqtl-interval-2018/2018-sun-pilot-100/filtered/ANP32B_GCST90240176.filtered.tsv.gz	http://ftp.ebi.ac.uk/pub/databases/gwas/summary_statistics/GCST90240001-GCST90241000/GCST90240176/harmonised/GCST90240176.h.tsv.gz		ANP32B_GCST90240176.filtered.tsv.gz	3a689b479712cbcef0e50523214a98f6572d3d5df0874575f4bbda40b350932c	sha256	403614	GRCh38	EBI GWAS Catalog terms of use	10.1038/s41586-018-0175-2	29875488	INTERVAL; Sun et al. 2018	European	European	source_trusted_no_af	sd		declared_standardised	sd	total	analysis_level	3301	0	0	PMID29875488	first_100_sun_2018_interval_pqtl_pilot		ENSG00000136938	ANP32B	9	97983126	3301	plasma	SomaScan	FALSE	somascan_db_seqid	1
58	GCST90240177	GCST90240177	Actin-binding LIM protein 3 levels (ABLIM3.13578.98.3)	actin-binding LIM protein 3 measurement	http://www.ebi.ac.uk/efo/EFO_0802251	http://www.ebi.ac.uk/efo/EFO_0802251	resources/data/gwas-ssf-ragged/pqtl-interval-2018/2018-sun-pilot-100/filtered/ABLIM3_GCST90240177.filtered.tsv.gz	http://ftp.ebi.ac.uk/pub/databases/gwas/summary_statistics/GCST90240001-GCST90241000/GCST90240177/harmonised/GCST90240177.h.tsv.gz		ABLIM3_GCST90240177.filtered.tsv.gz	2e2fd9bc04da8a3122e51997bcda38b24b8b33ad7f05dda10dbd5c5e85e6f8fb	sha256	119005	GRCh38	EBI GWAS Catalog terms of use	10.1038/s41586-018-0175-2	29875488	INTERVAL; Sun et al. 2018	European	European	source_trusted_no_af	sd		declared_standardised	sd	total	analysis_level	3301	0	0	PMID29875488	first_100_sun_2018_interval_pqtl_pilot		ENSG00000173210	ABLIM3	5	149141362	3301	plasma	SomaScan	FALSE	somascan_db_seqid	1
59	GCST90240178	GCST90240178	Actin-related protein 2/3 complex subunit 3 levels (ARPC3.13573.5.3)	actin-related protein 2/3 complex subunit 3 measurement	http://www.ebi.ac.uk/efo/EFO_0802252	http://www.ebi.ac.uk/efo/EFO_0802252	resources/data/gwas-ssf-ragged/pqtl-interval-2018/2018-sun-pilot-100/filtered/ARPC3_GCST90240178.filtered.tsv.gz	http://ftp.ebi.ac.uk/pub/databases/gwas/summary_statistics/GCST90240001-GCST90241000/GCST90240178/harmonised/GCST90240178.h.tsv.gz		ARPC3_GCST90240178.filtered.tsv.gz	12eff57c369f442fe94cfe3babc762013770fde7f9d5b6d1234369c65152451f	sha256	182533	GRCh38	EBI GWAS Catalog terms of use	10.1038/s41586-018-0175-2	29875488	INTERVAL; Sun et al. 2018	European	European	source_trusted_no_af	sd		declared_standardised	sd	total	analysis_level	3301	0	0	PMID29875488	first_100_sun_2018_interval_pqtl_pilot		ENSG00000111229	ARPC3	12	110434436	3301	plasma	SomaScan	FALSE	somascan_db_seqid	1
60	GCST90240179	GCST90240179	Activated Protein C levels (PROC.3758.63.3)	activated protein C measurement	http://www.ebi.ac.uk/efo/EFO_0020126	http://www.ebi.ac.uk/efo/EFO_0020126	resources/data/gwas-ssf-ragged/pqtl-interval-2018/2018-sun-pilot-100/filtered/PROC_GCST90240179.filtered.tsv.gz	http://ftp.ebi.ac.uk/pub/databases/gwas/summary_statistics/GCST90240001-GCST90241000/GCST90240179/harmonised/GCST90240179.h.tsv.gz		PROC_GCST90240179.filtered.tsv.gz	fadf0004c7358698e7116b822ec23ae7ae9258c86ab1d1a858ca02ef973d3880	sha256	370969	GRCh38	EBI GWAS Catalog terms of use	10.1038/s41586-018-0175-2	29875488	INTERVAL; Sun et al. 2018	European	European	source_trusted_no_af	sd		declared_standardised	sd	total	analysis_level	3301	0	0	PMID29875488	first_100_sun_2018_interval_pqtl_pilot		ENSG00000115718	PROC	2	127415933	3301	plasma	SomaScan	FALSE	somascan_db_seqid	1
61	GCST90240180	GCST90240180	Activated Protein C levels (PROC.3758.68.3)	activated protein C measurement	http://www.ebi.ac.uk/efo/EFO_0020126	http://www.ebi.ac.uk/efo/EFO_0020126	resources/data/gwas-ssf-ragged/pqtl-interval-2018/2018-sun-pilot-100/filtered/PROC_GCST90240180.filtered.tsv.gz	http://ftp.ebi.ac.uk/pub/databases/gwas/summary_statistics/GCST90240001-GCST90241000/GCST90240180/harmonised/GCST90240180.h.tsv.gz		PROC_GCST90240180.filtered.tsv.gz	f3ea148de62f133e3473ed9e6548718757f2433343aff8ebeadc21e5800c1094	sha256	130868	GRCh38	EBI GWAS Catalog terms of use	10.1038/s41586-018-0175-2	29875488	INTERVAL; Sun et al. 2018	European	European	source_trusted_no_af	sd		declared_standardised	sd	total	analysis_level	3301	0	0	PMID29875488	first_100_sun_2018_interval_pqtl_pilot		ENSG00000115718	PROC	2	127415933	3301	plasma	SomaScan	FALSE	somascan_db_seqid	1
62	GCST90240181	GCST90240181	Activating signal cointegrator 1 complex subunit 1 levels (ASCC1.10647.18.3)	activating signal cointegrator 1 complex subunit 1 measurement	http://www.ebi.ac.uk/efo/EFO_0801340	http://www.ebi.ac.uk/efo/EFO_0801340	resources/data/gwas-ssf-ragged/pqtl-interval-2018/2018-sun-pilot-100/filtered/ASCC1_GCST90240181.filtered.tsv.gz	http://ftp.ebi.ac.uk/pub/databases/gwas/summary_statistics/GCST90240001-GCST90241000/GCST90240181/harmonised/GCST90240181.h.tsv.gz		ASCC1_GCST90240181.filtered.tsv.gz	2d8775440def3b702f545c51a81523f0a6c2e6d85ebabb00c70e2d77139e0b37	sha256	581139	GRCh38	EBI GWAS Catalog terms of use	10.1038/s41586-018-0175-2	29875488	INTERVAL; Sun et al. 2018	European	European	source_trusted_no_af	sd		declared_standardised	sd	total	analysis_level	3301	0	0	PMID29875488	first_100_sun_2018_interval_pqtl_pilot		ENSG00000138303	ASCC1	10	72092153	3301	plasma	SomaScan	FALSE	somascan_db_seqid	1
63	GCST90240182	GCST90240182	Activator of 90 kDa heat shock protein ATPase homolog 1 levels (AHSA1.11633.89.3)	activator of 90 kDa heat shock protein ATPase homolog 1 measurement	http://www.ebi.ac.uk/efo/EFO_0801341	http://www.ebi.ac.uk/efo/EFO_0801341	resources/data/gwas-ssf-ragged/pqtl-interval-2018/2018-sun-pilot-100/filtered/AHSA1_GCST90240182.filtered.tsv.gz	http://ftp.ebi.ac.uk/pub/databases/gwas/summary_statistics/GCST90240001-GCST90241000/GCST90240182/harmonised/GCST90240182.h.tsv.gz		AHSA1_GCST90240182.filtered.tsv.gz	c235f706aa97765c1ffd2571413e9baa737a12e02faeb54eb8f1091736829dd9	sha256	313935	GRCh38	EBI GWAS Catalog terms of use	10.1038/s41586-018-0175-2	29875488	INTERVAL; Sun et al. 2018	European	European	source_trusted_no_af	sd		declared_standardised	sd	total	analysis_level	3301	0	0	PMID29875488	first_100_sun_2018_interval_pqtl_pilot		ENSG00000100591	AHSA1	14	77457743	3301	plasma	SomaScan	FALSE	somascan_db_seqid	1
64	GCST90240183	GCST90240183	Activator of apoptosis harakiri levels (HRK.8008.28.3)	activator of apoptosis harakiri measurement	http://www.ebi.ac.uk/efo/EFO_0802253	http://www.ebi.ac.uk/efo/EFO_0802253	resources/data/gwas-ssf-ragged/pqtl-interval-2018/2018-sun-pilot-100/filtered/HRK_GCST90240183.filtered.tsv.gz	http://ftp.ebi.ac.uk/pub/databases/gwas/summary_statistics/GCST90240001-GCST90241000/GCST90240183/harmonised/GCST90240183.h.tsv.gz		HRK_GCST90240183.filtered.tsv.gz	6a021494fd59488925b64355f789186c0f7ab1bb11bef40146e374b4eaf3e6e2	sha256	122872	GRCh38	EBI GWAS Catalog terms of use	10.1038/s41586-018-0175-2	29875488	INTERVAL; Sun et al. 2018	European	European	source_trusted_no_af	sd		declared_standardised	sd	total	analysis_level	3301	0	0	PMID29875488	first_100_sun_2018_interval_pqtl_pilot		ENSG00000135116	HRK	12	116856144	3301	plasma	SomaScan	FALSE	somascan_db_seqid	1
65	GCST90240184	GCST90240184	Activin receptor type-1B levels (ACVR1B.2806.49.2)	activin receptor type-1B amount	http://purl.obolibrary.org/obo/OBA_2050263	http://purl.obolibrary.org/obo/OBA_2050263	resources/data/gwas-ssf-ragged/pqtl-interval-2018/2018-sun-pilot-100/filtered/ACVR1B_GCST90240184.filtered.tsv.gz	http://ftp.ebi.ac.uk/pub/databases/gwas/summary_statistics/GCST90240001-GCST90241000/GCST90240184/harmonised/GCST90240184.h.tsv.gz		ACVR1B_GCST90240184.filtered.tsv.gz	54b28a88bb3d3e4a0cb9a6ab765d36053c8715374f4b48d4f1c092eb151be113	sha256	298833	GRCh38	EBI GWAS Catalog terms of use	10.1038/s41586-018-0175-2	29875488	INTERVAL; Sun et al. 2018	European	European	source_trusted_no_af	sd		declared_standardised	sd	total	analysis_level	3301	0	0	PMID29875488	first_100_sun_2018_interval_pqtl_pilot		ENSG00000135503	ACVR1B	12	51951675	3301	plasma	SomaScan	FALSE	somascan_db_seqid	1
66	GCST90240185	GCST90240185	Acyl-CoA-binding domain-containing protein 6 levels (ACBD6.10075.75.3)	acyl-CoA-binding domain-containing protein 6 measurement	http://www.ebi.ac.uk/efo/EFO_0801342	http://www.ebi.ac.uk/efo/EFO_0801342	resources/data/gwas-ssf-ragged/pqtl-interval-2018/2018-sun-pilot-100/filtered/ACBD6_GCST90240185.filtered.tsv.gz	http://ftp.ebi.ac.uk/pub/databases/gwas/summary_statistics/GCST90240001-GCST90241000/GCST90240185/harmonised/GCST90240185.h.tsv.gz		ACBD6_GCST90240185.filtered.tsv.gz	de2db94d08fa8037a1220b24e2a625127901d232560645f804fd28ec6a3d891d	sha256	318683	GRCh38	EBI GWAS Catalog terms of use	10.1038/s41586-018-0175-2	29875488	INTERVAL; Sun et al. 2018	European	European	source_trusted_no_af	sd		declared_standardised	sd	total	analysis_level	3301	0	0	PMID29875488	first_100_sun_2018_interval_pqtl_pilot		ENSG00000230124	ACBD6	1	180269653	3301	plasma	SomaScan	FALSE	somascan_db_seqid	1
67	GCST90240186	GCST90240186	Acyl-CoA-binding domain-containing protein 7 levels (ACBD7.13563.259.3)	acyl-CoA-binding domain-containing protein 7 measurement	http://www.ebi.ac.uk/efo/EFO_0801343	http://www.ebi.ac.uk/efo/EFO_0801343	resources/data/gwas-ssf-ragged/pqtl-interval-2018/2018-sun-pilot-100/filtered/ACBD7_GCST90240186.filtered.tsv.gz	http://ftp.ebi.ac.uk/pub/databases/gwas/summary_statistics/GCST90240001-GCST90241000/GCST90240186/harmonised/GCST90240186.h.tsv.gz		ACBD7_GCST90240186.filtered.tsv.gz	f0eaddb7cc75a7e1024289f0fe66d1d21ecdb5379bd10e9b010a03b60a494f96	sha256	411857	GRCh38	EBI GWAS Catalog terms of use	10.1038/s41586-018-0175-2	29875488	INTERVAL; Sun et al. 2018	European	European	source_trusted_no_af	sd		declared_standardised	sd	total	analysis_level	3301	0	0	PMID29875488	first_100_sun_2018_interval_pqtl_pilot		ENSG00000176244	ACBD7	10	15073038	3301	plasma	SomaScan	FALSE	somascan_db_seqid	1
68	GCST90240187	GCST90240187	Acylphosphatase-2 levels (ACYP2.12812.25.3)	acylphosphatase-2 measurement	http://www.ebi.ac.uk/efo/EFO_0801344	http://www.ebi.ac.uk/efo/EFO_0801344	resources/data/gwas-ssf-ragged/pqtl-interval-2018/2018-sun-pilot-100/filtered/ACYP2_GCST90240187.filtered.tsv.gz	http://ftp.ebi.ac.uk/pub/databases/gwas/summary_statistics/GCST90240001-GCST90241000/GCST90240187/harmonised/GCST90240187.h.tsv.gz		ACYP2_GCST90240187.filtered.tsv.gz	08e1f2a9fe3d05e3f770e074c1a0749eb7020ea81a7c3efb9ae42ee9a79cc02d	sha256	340352	GRCh38	EBI GWAS Catalog terms of use	10.1038/s41586-018-0175-2	29875488	INTERVAL; Sun et al. 2018	European	European	source_trusted_no_af	sd		declared_standardised	sd	total	analysis_level	3301	0	0	PMID29875488	first_100_sun_2018_interval_pqtl_pilot		ENSG00000170634	ACYP2	2	53970838	3301	plasma	SomaScan	FALSE	somascan_db_seqid	1
69	GCST90240188	GCST90240188	ADAMTS-like protein 1 levels (ADAMTSL1.6575.79.3)	ADAMTS-like protein 1 measurement	http://www.ebi.ac.uk/efo/EFO_0802254	http://www.ebi.ac.uk/efo/EFO_0802254	resources/data/gwas-ssf-ragged/pqtl-interval-2018/2018-sun-pilot-100/filtered/ADAMTSL1_GCST90240188.filtered.tsv.gz	http://ftp.ebi.ac.uk/pub/databases/gwas/summary_statistics/GCST90240001-GCST90241000/GCST90240188/harmonised/GCST90240188.h.tsv.gz		ADAMTSL1_GCST90240188.filtered.tsv.gz	0d47a0092d07444ad90c4500d0fbd03b1dfbac6b429f66d4ea5426f4dd130d56	sha256	224930	GRCh38	EBI GWAS Catalog terms of use	10.1038/s41586-018-0175-2	29875488	INTERVAL; Sun et al. 2018	European	European	source_trusted_no_af	sd		declared_standardised	sd	total	analysis_level	3301	0	0	PMID29875488	first_100_sun_2018_interval_pqtl_pilot		ENSG00000178031	ADAMTSL1	9	17906563	3301	plasma	SomaScan	FALSE	somascan_db_seqid	1
70	GCST90240189	GCST90240189	Adapter molecule crk levels (CRK.4976.57.1)	adapter molecule CRK measurement	http://www.ebi.ac.uk/efo/EFO_0020128	http://www.ebi.ac.uk/efo/EFO_0020128	resources/data/gwas-ssf-ragged/pqtl-interval-2018/2018-sun-pilot-100/filtered/CRK_GCST90240189.filtered.tsv.gz	http://ftp.ebi.ac.uk/pub/databases/gwas/summary_statistics/GCST90240001-GCST90241000/GCST90240189/harmonised/GCST90240189.h.tsv.gz		CRK_GCST90240189.filtered.tsv.gz	0b5b6c8987f1a1b6f232c4d04ca03b755c35743b8edb9fe46d6a33ae65a7cd41	sha256	155563	GRCh38	EBI GWAS Catalog terms of use	10.1038/s41586-018-0175-2	29875488	INTERVAL; Sun et al. 2018	European	European	source_trusted_no_af	sd		declared_standardised	sd	total	analysis_level	3301	0	0	PMID29875488	first_100_sun_2018_interval_pqtl_pilot		ENSG00000167193	CRK	17	1420689	3301	plasma	SomaScan	FALSE	somascan_db_seqid	1
71	GCST90240190	GCST90240190	Adenosine 3'-phospho 5'-phosphosulfate transporter 2 levels (SLC35B3.10660.33.3)	adenosine 3'-phospho 5'-phosphosulfate transporter 2 measurement	http://www.ebi.ac.uk/efo/EFO_0802255	http://www.ebi.ac.uk/efo/EFO_0802255	resources/data/gwas-ssf-ragged/pqtl-interval-2018/2018-sun-pilot-100/filtered/SLC35B3_GCST90240190.filtered.tsv.gz	http://ftp.ebi.ac.uk/pub/databases/gwas/summary_statistics/GCST90240001-GCST90241000/GCST90240190/harmonised/GCST90240190.h.tsv.gz		SLC35B3_GCST90240190.filtered.tsv.gz	a7186d20dad57eba54d356bead41d726507d51a6dbe3af0922a714a63cdc9894	sha256	352893	GRCh38	EBI GWAS Catalog terms of use	10.1038/s41586-018-0175-2	29875488	INTERVAL; Sun et al. 2018	European	European	source_trusted_no_af	sd		declared_standardised	sd	total	analysis_level	3301	0	0	PMID29875488	first_100_sun_2018_interval_pqtl_pilot		ENSG00000124786	SLC35B3	6	8411435	3301	plasma	SomaScan	FALSE	ensembl_hgnc_symbol	1
72	GCST90240191	GCST90240191	Adenosine deaminase CECR1 levels (CECR1.6077.63.3)	adenosine deaminase measurement	http://www.ebi.ac.uk/efo/EFO_0010761	http://www.ebi.ac.uk/efo/EFO_0010761	resources/data/gwas-ssf-ragged/pqtl-interval-2018/2018-sun-pilot-100/filtered/ADA2_GCST90240191.filtered.tsv.gz	http://ftp.ebi.ac.uk/pub/databases/gwas/summary_statistics/GCST90240001-GCST90241000/GCST90240191/harmonised/GCST90240191.h.tsv.gz		ADA2_GCST90240191.filtered.tsv.gz	70c119e862e59333dd6c2aed908700128d9403954c682842679e2973e34d917e	sha256	130180	GRCh38	EBI GWAS Catalog terms of use	10.1038/s41586-018-0175-2	29875488	INTERVAL; Sun et al. 2018	European	European	source_trusted_no_af	sd		declared_standardised	sd	total	analysis_level	3301	0	0	PMID29875488	first_100_sun_2018_interval_pqtl_pilot		ENSG00000093072	ADA2	22	17178790	3301	plasma	SomaScan	FALSE	somascan_db_seqid	1
73	GCST90240192	GCST90240192	Adenylate kinase isoenzyme 1 levels (AK1.5012.67.1)	adenylate kinase isoenzyme 1 measurement	http://www.ebi.ac.uk/efo/EFO_0020129	http://www.ebi.ac.uk/efo/EFO_0020129	resources/data/gwas-ssf-ragged/pqtl-interval-2018/2018-sun-pilot-100/filtered/AK1_GCST90240192.filtered.tsv.gz	http://ftp.ebi.ac.uk/pub/databases/gwas/summary_statistics/GCST90240001-GCST90241000/GCST90240192/harmonised/GCST90240192.h.tsv.gz		AK1_GCST90240192.filtered.tsv.gz	4aaf6dd67e6e58d1272732b512bfee8d7b6d71fb8283c918e61e14e6ebb85d6c	sha256	81214	GRCh38	EBI GWAS Catalog terms of use	10.1038/s41586-018-0175-2	29875488	INTERVAL; Sun et al. 2018	European	European	source_trusted_no_af	sd		declared_standardised	sd	total	analysis_level	3301	0	0	PMID29875488	first_100_sun_2018_interval_pqtl_pilot		ENSG00000106992	AK1	9	127866435	3301	plasma	SomaScan	FALSE	somascan_db_seqid	1
74	GCST90240193	GCST90240193	Adenylosuccinate synthetase isozyme 1 levels (ADSSL1.13998.26.3)	adenylosuccinate synthetase isozyme 1 measurement	http://www.ebi.ac.uk/efo/EFO_0802256	http://www.ebi.ac.uk/efo/EFO_0802256	resources/data/gwas-ssf-ragged/pqtl-interval-2018/2018-sun-pilot-100/filtered/ADSS1_GCST90240193.filtered.tsv.gz	http://ftp.ebi.ac.uk/pub/databases/gwas/summary_statistics/GCST90240001-GCST90241000/GCST90240193/harmonised/GCST90240193.h.tsv.gz		ADSS1_GCST90240193.filtered.tsv.gz	adde64dda683f34ad5cd3b31b60a76bc583a30dabfcc3cd495577f303afd6659	sha256	113205	GRCh38	EBI GWAS Catalog terms of use	10.1038/s41586-018-0175-2	29875488	INTERVAL; Sun et al. 2018	European	European	source_trusted_no_af	sd		declared_standardised	sd	total	analysis_level	3301	0	0	PMID29875488	first_100_sun_2018_interval_pqtl_pilot		ENSG00000185100	ADSS1	14	104724174	3301	plasma	SomaScan	FALSE	somascan_db_seqid	1
75	GCST90240194	GCST90240194	Adenylosuccinate synthetase isozyme 2 levels (ADSS.12644.63.3)	adenylosuccinate synthetase isozyme 2 measurement	http://www.ebi.ac.uk/efo/EFO_0801345	http://www.ebi.ac.uk/efo/EFO_0801345	resources/data/gwas-ssf-ragged/pqtl-interval-2018/2018-sun-pilot-100/filtered/ADSS2_GCST90240194.filtered.tsv.gz	http://ftp.ebi.ac.uk/pub/databases/gwas/summary_statistics/GCST90240001-GCST90241000/GCST90240194/harmonised/GCST90240194.h.tsv.gz		ADSS2_GCST90240194.filtered.tsv.gz	ce9631f87244398c30a9af16847ab33d214954b2c0839552b0fd0a9c67c6625e	sha256	403803	GRCh38	EBI GWAS Catalog terms of use	10.1038/s41586-018-0175-2	29875488	INTERVAL; Sun et al. 2018	European	European	source_trusted_no_af	sd		declared_standardised	sd	total	analysis_level	3301	0	0	PMID29875488	first_100_sun_2018_interval_pqtl_pilot		ENSG00000035687	ADSS2	1	244407274	3301	plasma	SomaScan	FALSE	somascan_db_seqid	1
76	GCST90240195	GCST90240195	Adenylyltransferase and sulfurtransferase MOCS3 levels (MOCS3.14229.5.3)	adenylyltransferase and sulfurtransferase MOCS3 measurement	http://www.ebi.ac.uk/efo/EFO_0802257	http://www.ebi.ac.uk/efo/EFO_0802257	resources/data/gwas-ssf-ragged/pqtl-interval-2018/2018-sun-pilot-100/filtered/MOCS3_GCST90240195.filtered.tsv.gz	http://ftp.ebi.ac.uk/pub/databases/gwas/summary_statistics/GCST90240001-GCST90241000/GCST90240195/harmonised/GCST90240195.h.tsv.gz		MOCS3_GCST90240195.filtered.tsv.gz	3e4c0696b460d4f47f1f2fc6e78710155a2b851e8c9b04183e0dc5ce4a32073f	sha256	307576	GRCh38	EBI GWAS Catalog terms of use	10.1038/s41586-018-0175-2	29875488	INTERVAL; Sun et al. 2018	European	European	source_trusted_no_af	sd		declared_standardised	sd	total	analysis_level	3301	0	0	PMID29875488	first_100_sun_2018_interval_pqtl_pilot		ENSG00000124217	MOCS3	20	50958818	3301	plasma	SomaScan	FALSE	somascan_db_seqid	1
77	GCST90240196	GCST90240196	Adhesion G protein-coupled receptor F5 levels (ADGRF5.6409.57.3)	adhesion G protein-coupled receptor F5 measurement	http://www.ebi.ac.uk/efo/EFO_0801346	http://www.ebi.ac.uk/efo/EFO_0801346	resources/data/gwas-ssf-ragged/pqtl-interval-2018/2018-sun-pilot-100/filtered/ADGRF5_GCST90240196.filtered.tsv.gz	http://ftp.ebi.ac.uk/pub/databases/gwas/summary_statistics/GCST90240001-GCST90241000/GCST90240196/harmonised/GCST90240196.h.tsv.gz		ADGRF5_GCST90240196.filtered.tsv.gz	83e3b6a239840a6316dac58ab6dfd0af7fd9c4f012195adec7ce7ddfe2e7816c	sha256	427408	GRCh38	EBI GWAS Catalog terms of use	10.1038/s41586-018-0175-2	29875488	INTERVAL; Sun et al. 2018	European	European	source_trusted_no_af	sd		declared_standardised	sd	total	analysis_level	3301	0	0	PMID29875488	first_100_sun_2018_interval_pqtl_pilot		ENSG00000069122	ADGRF5	6	46852310	3301	plasma	SomaScan	FALSE	somascan_db_seqid	1
78	GCST90240197	GCST90240197	Adhesion G-protein coupled receptor F1 levels (ADGRF1.11243.90.3)	adhesion G-protein coupled receptor F1 measurement	http://www.ebi.ac.uk/efo/EFO_0801347	http://www.ebi.ac.uk/efo/EFO_0801347	resources/data/gwas-ssf-ragged/pqtl-interval-2018/2018-sun-pilot-100/filtered/ADGRF1_GCST90240197.filtered.tsv.gz	http://ftp.ebi.ac.uk/pub/databases/gwas/summary_statistics/GCST90240001-GCST90241000/GCST90240197/harmonised/GCST90240197.h.tsv.gz		ADGRF1_GCST90240197.filtered.tsv.gz	74575a91d741153e1a915073d5c06f12d9e616a11b6e7d7401ece390faca0dd7	sha256	353622	GRCh38	EBI GWAS Catalog terms of use	10.1038/s41586-018-0175-2	29875488	INTERVAL; Sun et al. 2018	European	European	source_trusted_no_af	sd		declared_standardised	sd	total	analysis_level	3301	0	0	PMID29875488	first_100_sun_2018_interval_pqtl_pilot		ENSG00000153292	ADGRF1	6	46997708	3301	plasma	SomaScan	FALSE	somascan_db_seqid	1
79	GCST90240198	GCST90240198	Adhesion G-protein coupled receptor G5 levels (ADGRG5.4551.72.3)	adhesion G-protein coupled receptor G5 measurement	http://www.ebi.ac.uk/efo/EFO_0021980	http://www.ebi.ac.uk/efo/EFO_0021980	resources/data/gwas-ssf-ragged/pqtl-interval-2018/2018-sun-pilot-100/filtered/ADGRG5_GCST90240198.filtered.tsv.gz	http://ftp.ebi.ac.uk/pub/databases/gwas/summary_statistics/GCST90240001-GCST90241000/GCST90240198/harmonised/GCST90240198.h.tsv.gz		ADGRG5_GCST90240198.filtered.tsv.gz	9ad305b6b69049a72844fac3964e6be0b8b3a94740efb612cdeb20768c413a77	sha256	147826	GRCh38	EBI GWAS Catalog terms of use	10.1038/s41586-018-0175-2	29875488	INTERVAL; Sun et al. 2018	European	European	source_trusted_no_af	sd		declared_standardised	sd	total	analysis_level	3301	0	0	PMID29875488	first_100_sun_2018_interval_pqtl_pilot		ENSG00000159618	ADGRG5	16	57528585	3301	plasma	SomaScan	FALSE	somascan_db_seqid	1
80	GCST90240199	GCST90240199	Adipocyte plasma membrane-associated protein levels (APMAP.10605.22.3)	adipocyte plasma membrane-associated protein measurement	http://www.ebi.ac.uk/efo/EFO_0801348	http://www.ebi.ac.uk/efo/EFO_0801348	resources/data/gwas-ssf-ragged/pqtl-interval-2018/2018-sun-pilot-100/filtered/APMAP_GCST90240199.filtered.tsv.gz	http://ftp.ebi.ac.uk/pub/databases/gwas/summary_statistics/GCST90240001-GCST90241000/GCST90240199/harmonised/GCST90240199.h.tsv.gz		APMAP_GCST90240199.filtered.tsv.gz	07c7319f22110ee3a754a0f9704108167b390ca592e26d0294937d3cf31caadc	sha256	239058	GRCh38	EBI GWAS Catalog terms of use	10.1038/s41586-018-0175-2	29875488	INTERVAL; Sun et al. 2018	European	European	source_trusted_no_af	sd		declared_standardised	sd	total	analysis_level	3301	0	0	PMID29875488	first_100_sun_2018_interval_pqtl_pilot		ENSG00000101474	APMAP	20	24962924	3301	plasma	SomaScan	FALSE	somascan_db_seqid	1
81	GCST90240200	GCST90240200	ADP-dependent glucokinase levels (ADPGK.6221.1.3)	ADP-dependent glucokinase measurement	http://www.ebi.ac.uk/efo/EFO_0802258	http://www.ebi.ac.uk/efo/EFO_0802258	resources/data/gwas-ssf-ragged/pqtl-interval-2018/2018-sun-pilot-100/filtered/ADPGK_GCST90240200.filtered.tsv.gz	http://ftp.ebi.ac.uk/pub/databases/gwas/summary_statistics/GCST90240001-GCST90241000/GCST90240200/harmonised/GCST90240200.h.tsv.gz		ADPGK_GCST90240200.filtered.tsv.gz	dc30ae262fe0889febe8e7ce07cc7f28c2eea723d88d9a2855aa39383238d269	sha256	90014	GRCh38	EBI GWAS Catalog terms of use	10.1038/s41586-018-0175-2	29875488	INTERVAL; Sun et al. 2018	European	European	source_trusted_no_af	sd		declared_standardised	sd	total	analysis_level	3301	0	0	PMID29875488	first_100_sun_2018_interval_pqtl_pilot		ENSG00000159322	ADPGK	15	72735951	3301	plasma	SomaScan	FALSE	somascan_db_seqid	1
82	GCST90240201	GCST90240201	ADP-ribose pyrophosphatase, mitochondrial levels (NUDT9.9482.110.3)	ADP-ribose pyrophosphatase, mitochondrial measurement	http://www.ebi.ac.uk/efo/EFO_0801349	http://www.ebi.ac.uk/efo/EFO_0801349	resources/data/gwas-ssf-ragged/pqtl-interval-2018/2018-sun-pilot-100/filtered/NUDT9_GCST90240201.filtered.tsv.gz	http://ftp.ebi.ac.uk/pub/databases/gwas/summary_statistics/GCST90240001-GCST90241000/GCST90240201/harmonised/GCST90240201.h.tsv.gz		NUDT9_GCST90240201.filtered.tsv.gz	4a5ad64b5350c828736d5ed85611d296a8fa4456b5c7c6583e08e23bc8d59090	sha256	419662	GRCh38	EBI GWAS Catalog terms of use	10.1038/s41586-018-0175-2	29875488	INTERVAL; Sun et al. 2018	European	European	source_trusted_no_af	sd		declared_standardised	sd	total	analysis_level	3301	0	0	PMID29875488	first_100_sun_2018_interval_pqtl_pilot		ENSG00000170502	NUDT9	4	87422573	3301	plasma	SomaScan	FALSE	somascan_db_seqid	1
83	GCST90240202	GCST90240202	ADP-ribosyl cyclase/cyclic ADP-ribose hydrolase 1 levels (CD38.11505.1.3)	ADP-ribosyl cyclase/cyclic ADP-ribose hydrolase 1 measurement	http://www.ebi.ac.uk/efo/EFO_0021923	http://www.ebi.ac.uk/efo/EFO_0021923	resources/data/gwas-ssf-ragged/pqtl-interval-2018/2018-sun-pilot-100/filtered/CD38_GCST90240202.filtered.tsv.gz	http://ftp.ebi.ac.uk/pub/databases/gwas/summary_statistics/GCST90240001-GCST90241000/GCST90240202/harmonised/GCST90240202.h.tsv.gz		CD38_GCST90240202.filtered.tsv.gz	77434c1f4225fab288ef4818f1354c60e6370975676efcd8c21fbf81322105d1	sha256	133013	GRCh38	EBI GWAS Catalog terms of use	10.1038/s41586-018-0175-2	29875488	INTERVAL; Sun et al. 2018	European	European	source_trusted_no_af	sd		declared_standardised	sd	total	analysis_level	3301	0	0	PMID29875488	first_100_sun_2018_interval_pqtl_pilot		ENSG00000004468	CD38	4	15778275	3301	plasma	SomaScan	FALSE	somascan_db_gene_name	2
84	GCST90240203	GCST90240203	ADP-ribosyl cyclase/cyclic ADP-ribose hydrolase 1 levels (CD38.11513.92.3)	ADP-ribosyl cyclase/cyclic ADP-ribose hydrolase 1 measurement	http://www.ebi.ac.uk/efo/EFO_0021923	http://www.ebi.ac.uk/efo/EFO_0021923	resources/data/gwas-ssf-ragged/pqtl-interval-2018/2018-sun-pilot-100/filtered/CD38_GCST90240203.filtered.tsv.gz	http://ftp.ebi.ac.uk/pub/databases/gwas/summary_statistics/GCST90240001-GCST90241000/GCST90240203/harmonised/GCST90240203.h.tsv.gz		CD38_GCST90240203.filtered.tsv.gz	00ab992fdae39f1aa47c7a61bc33213532d44af169b198b676096f875f261d5e	sha256	485091	GRCh38	EBI GWAS Catalog terms of use	10.1038/s41586-018-0175-2	29875488	INTERVAL; Sun et al. 2018	European	European	source_trusted_no_af	sd		declared_standardised	sd	total	analysis_level	3301	0	0	PMID29875488	first_100_sun_2018_interval_pqtl_pilot		ENSG00000004468	CD38	4	15778275	3301	plasma	SomaScan	FALSE	somascan_db_seqid	1
85	GCST90240204	GCST90240204	ADP-ribosyl cyclase/cyclic ADP-ribose hydrolase 2 levels (BST1.4535.50.2)	ADP-ribosyl cyclase/cyclic ADP-ribose hydrolase 2 measurement	http://www.ebi.ac.uk/efo/EFO_0008014	http://www.ebi.ac.uk/efo/EFO_0008014	resources/data/gwas-ssf-ragged/pqtl-interval-2018/2018-sun-pilot-100/filtered/BST1_GCST90240204.filtered.tsv.gz	http://ftp.ebi.ac.uk/pub/databases/gwas/summary_statistics/GCST90240001-GCST90241000/GCST90240204/harmonised/GCST90240204.h.tsv.gz		BST1_GCST90240204.filtered.tsv.gz	d154ca249ba8dba45b467d0f4c3698af1273db40880de92c218c6e2b6fd35a09	sha256	286316	GRCh38	EBI GWAS Catalog terms of use	10.1038/s41586-018-0175-2	29875488	INTERVAL; Sun et al. 2018	European	European	source_trusted_no_af	sd		declared_standardised	sd	total	analysis_level	3301	0	0	PMID29875488	first_100_sun_2018_interval_pqtl_pilot		ENSG00000109743	BST1	4	15702993	3301	plasma	SomaScan	FALSE	somascan_db_seqid	1
86	GCST90240205	GCST90240205	ADP-ribosylation factor 3 levels (ARF3.12578.13.3)	ADP-ribosylation factor 3 measurement	http://www.ebi.ac.uk/efo/EFO_0802259	http://www.ebi.ac.uk/efo/EFO_0802259	resources/data/gwas-ssf-ragged/pqtl-interval-2018/2018-sun-pilot-100/filtered/ARF3_GCST90240205.filtered.tsv.gz	http://ftp.ebi.ac.uk/pub/databases/gwas/summary_statistics/GCST90240001-GCST90241000/GCST90240205/harmonised/GCST90240205.h.tsv.gz		ARF3_GCST90240205.filtered.tsv.gz	cf3f85b09197c4a153a5f0b7e7c027debef5e9d6fb7729fa71616271935821f4	sha256	259972	GRCh38	EBI GWAS Catalog terms of use	10.1038/s41586-018-0175-2	29875488	INTERVAL; Sun et al. 2018	European	European	source_trusted_no_af	sd		declared_standardised	sd	total	analysis_level	3301	0	0	PMID29875488	first_100_sun_2018_interval_pqtl_pilot		ENSG00000134287	ARF3	12	48903141	3301	plasma	SomaScan	FALSE	somascan_db_seqid	1
87	GCST90240206	GCST90240206	ADP-ribosylation factor 6 levels (ARF6.12425.104.3)	ADP-ribosylation factor 6 measurement	http://www.ebi.ac.uk/efo/EFO_0801350	http://www.ebi.ac.uk/efo/EFO_0801350	resources/data/gwas-ssf-ragged/pqtl-interval-2018/2018-sun-pilot-100/filtered/ARF6_GCST90240206.filtered.tsv.gz	http://ftp.ebi.ac.uk/pub/databases/gwas/summary_statistics/GCST90240001-GCST90241000/GCST90240206/harmonised/GCST90240206.h.tsv.gz		ARF6_GCST90240206.filtered.tsv.gz	a8ccc0b4f18908073d32c042759ac25440d359924feb7179192082333228976c	sha256	426876	GRCh38	EBI GWAS Catalog terms of use	10.1038/s41586-018-0175-2	29875488	INTERVAL; Sun et al. 2018	European	European	source_trusted_no_af	sd		declared_standardised	sd	total	analysis_level	3301	0	0	PMID29875488	first_100_sun_2018_interval_pqtl_pilot		ENSG00000165527	ARF6	14	49892608	3301	plasma	SomaScan	FALSE	somascan_db_seqid	1
88	GCST90240207	GCST90240207	ADP-ribosylation factor GTPase-activating protein 2 levels (ARFGAP2.11664.32.3)	ADP-ribosylation factor GTPase-activating protein 2 measurement	http://www.ebi.ac.uk/efo/EFO_0801351	http://www.ebi.ac.uk/efo/EFO_0801351	resources/data/gwas-ssf-ragged/pqtl-interval-2018/2018-sun-pilot-100/filtered/ARFGAP2_GCST90240207.filtered.tsv.gz	http://ftp.ebi.ac.uk/pub/databases/gwas/summary_statistics/GCST90240001-GCST90241000/GCST90240207/harmonised/GCST90240207.h.tsv.gz		ARFGAP2_GCST90240207.filtered.tsv.gz	f85928c481d1f67c3787ceb69eca4cee1d3a69317b9171973e3a8e55951b9dc5	sha256	246601	GRCh38	EBI GWAS Catalog terms of use	10.1038/s41586-018-0175-2	29875488	INTERVAL; Sun et al. 2018	European	European	source_trusted_no_af	sd		declared_standardised	sd	total	analysis_level	3301	0	0	PMID29875488	first_100_sun_2018_interval_pqtl_pilot		ENSG00000149182	ARFGAP2	11	47135667	3301	plasma	SomaScan	FALSE	somascan_db_seqid	1
89	GCST90240208	GCST90240208	ADP-ribosylation factor-binding protein GGA1 levels (GGA1.13594.158.3)	ADP-ribosylation factor-binding protein GGA1 measurement	http://www.ebi.ac.uk/efo/EFO_0801352	http://www.ebi.ac.uk/efo/EFO_0801352	resources/data/gwas-ssf-ragged/pqtl-interval-2018/2018-sun-pilot-100/filtered/GGA1_GCST90240208.filtered.tsv.gz	http://ftp.ebi.ac.uk/pub/databases/gwas/summary_statistics/GCST90240001-GCST90241000/GCST90240208/harmonised/GCST90240208.h.tsv.gz		GGA1_GCST90240208.filtered.tsv.gz	73810b775957df86ea9eb1b53e9eb7a2b65f125a4009bdaa583e4de974c6c512	sha256	287698	GRCh38	EBI GWAS Catalog terms of use	10.1038/s41586-018-0175-2	29875488	INTERVAL; Sun et al. 2018	European	European	source_trusted_no_af	sd		declared_standardised	sd	total	analysis_level	3301	0	0	PMID29875488	first_100_sun_2018_interval_pqtl_pilot		ENSG00000100083	GGA1	22	37608474	3301	plasma	SomaScan	FALSE	somascan_db_seqid	1
90	GCST90240209	GCST90240209	ADP-ribosylation factor-binding protein GGA3 levels (GGA3.11683.19.3)	ADP-ribosylation factor-binding protein GGA3 measurement	http://www.ebi.ac.uk/efo/EFO_0801353	http://www.ebi.ac.uk/efo/EFO_0801353	resources/data/gwas-ssf-ragged/pqtl-interval-2018/2018-sun-pilot-100/filtered/GGA3_GCST90240209.filtered.tsv.gz	http://ftp.ebi.ac.uk/pub/databases/gwas/summary_statistics/GCST90240001-GCST90241000/GCST90240209/harmonised/GCST90240209.h.tsv.gz		GGA3_GCST90240209.filtered.tsv.gz	c6b437702c9528fea7f8302fc87aa66df1dcd3746a0ad7b4dfa03c1ed97b37d8	sha256	294539	GRCh38	EBI GWAS Catalog terms of use	10.1038/s41586-018-0175-2	29875488	INTERVAL; Sun et al. 2018	European	European	source_trusted_no_af	sd		declared_standardised	sd	total	analysis_level	3301	0	0	PMID29875488	first_100_sun_2018_interval_pqtl_pilot		ENSG00000125447	GGA3	17	75236595	3301	plasma	SomaScan	FALSE	somascan_db_seqid	1
91	GCST90240210	GCST90240210	ADP-ribosylation factor-like protein 1 levels (ARL1.12392.30.3)	ADP-ribosylation factor-like protein 1 measurement	http://www.ebi.ac.uk/efo/EFO_0801354	http://www.ebi.ac.uk/efo/EFO_0801354	resources/data/gwas-ssf-ragged/pqtl-interval-2018/2018-sun-pilot-100/filtered/ARL1_GCST90240210.filtered.tsv.gz	http://ftp.ebi.ac.uk/pub/databases/gwas/summary_statistics/GCST90240001-GCST90241000/GCST90240210/harmonised/GCST90240210.h.tsv.gz		ARL1_GCST90240210.filtered.tsv.gz	f228ca7b6c41724977e4f2c7550678fdcfda8de0749a2df489c50c863a0aa8b5	sha256	357288	GRCh38	EBI GWAS Catalog terms of use	10.1038/s41586-018-0175-2	29875488	INTERVAL; Sun et al. 2018	European	European	source_trusted_no_af	sd		declared_standardised	sd	total	analysis_level	3301	0	0	PMID29875488	first_100_sun_2018_interval_pqtl_pilot		ENSG00000120805	ARL1	12	101365309	3301	plasma	SomaScan	FALSE	somascan_db_seqid	1
92	GCST90240211	GCST90240211	ADP-ribosylation factor-like protein 11 levels (ARL11.12433.8.3)	ADP-ribosylation factor-like protein 11 measurement	http://www.ebi.ac.uk/efo/EFO_0801355	http://www.ebi.ac.uk/efo/EFO_0801355	resources/data/gwas-ssf-ragged/pqtl-interval-2018/2018-sun-pilot-100/filtered/ARL11_GCST90240211.filtered.tsv.gz	http://ftp.ebi.ac.uk/pub/databases/gwas/summary_statistics/GCST90240001-GCST90241000/GCST90240211/harmonised/GCST90240211.h.tsv.gz		ARL11_GCST90240211.filtered.tsv.gz	c79924b40ae6f5f6eb9c06d20fac1935304ff8d01a45a75f17154fdf4f360461	sha256	386705	GRCh38	EBI GWAS Catalog terms of use	10.1038/s41586-018-0175-2	29875488	INTERVAL; Sun et al. 2018	European	European	source_trusted_no_af	sd		declared_standardised	sd	total	analysis_level	3301	0	0	PMID29875488	first_100_sun_2018_interval_pqtl_pilot		ENSG00000152213	ARL11	13	49628464	3301	plasma	SomaScan	FALSE	somascan_db_seqid	1
93	GCST90240212	GCST90240212	ADP-ribosylation factor-like protein 3 levels (ARL3.12571.14.3)	ADP-ribosylation factor-like protein 3 measurement	http://www.ebi.ac.uk/efo/EFO_0801356	http://www.ebi.ac.uk/efo/EFO_0801356	resources/data/gwas-ssf-ragged/pqtl-interval-2018/2018-sun-pilot-100/filtered/ARL3_GCST90240212.filtered.tsv.gz	http://ftp.ebi.ac.uk/pub/databases/gwas/summary_statistics/GCST90240001-GCST90241000/GCST90240212/harmonised/GCST90240212.h.tsv.gz		ARL3_GCST90240212.filtered.tsv.gz	8cd6ce7385d7763eb1974ccabdca2f6c19b88eceac745c132fecdc3148b73ba3	sha256	261125	GRCh38	EBI GWAS Catalog terms of use	10.1038/s41586-018-0175-2	29875488	INTERVAL; Sun et al. 2018	European	European	source_trusted_no_af	sd		declared_standardised	sd	total	analysis_level	3301	0	0	PMID29875488	first_100_sun_2018_interval_pqtl_pilot		ENSG00000138175	ARL3	10	102673731	3301	plasma	SomaScan	FALSE	somascan_db_seqid	1
94	GCST90240213	GCST90240213	Adrenomedullin levels (ADM.14115.34.3)	adrenomedullin measurement	http://www.ebi.ac.uk/efo/EFO_0010909	http://www.ebi.ac.uk/efo/EFO_0010909	resources/data/gwas-ssf-ragged/pqtl-interval-2018/2018-sun-pilot-100/filtered/ADM_GCST90240213.filtered.tsv.gz	http://ftp.ebi.ac.uk/pub/databases/gwas/summary_statistics/GCST90240001-GCST90241000/GCST90240213/harmonised/GCST90240213.h.tsv.gz		ADM_GCST90240213.filtered.tsv.gz	e455292c63d84060f75c105f95d32b0608a85e0d44603fe36ff275575fba207f	sha256	834983	GRCh38	EBI GWAS Catalog terms of use	10.1038/s41586-018-0175-2	29875488	INTERVAL; Sun et al. 2018	European	European	source_trusted_no_af	sd		declared_standardised	sd	total	analysis_level	3301	0	0	PMID29875488	first_100_sun_2018_interval_pqtl_pilot		ENSG00000148926	ADM	11	10303008	3301	plasma	SomaScan	FALSE	somascan_db_seqid	1
95	GCST90240214	GCST90240214	Adseverin levels (SCIN.12684.5.3)	adseverin measurement	http://www.ebi.ac.uk/efo/EFO_0801358	http://www.ebi.ac.uk/efo/EFO_0801358	resources/data/gwas-ssf-ragged/pqtl-interval-2018/2018-sun-pilot-100/filtered/SCIN_GCST90240214.filtered.tsv.gz	http://ftp.ebi.ac.uk/pub/databases/gwas/summary_statistics/GCST90240001-GCST90241000/GCST90240214/harmonised/GCST90240214.h.tsv.gz		SCIN_GCST90240214.filtered.tsv.gz	ed361c067c23ed65709bdad53ab29d8df9b3970fe763be06bef82081fc2bcca7	sha256	426047	GRCh38	EBI GWAS Catalog terms of use	10.1038/s41586-018-0175-2	29875488	INTERVAL; Sun et al. 2018	European	European	source_trusted_no_af	sd		declared_standardised	sd	total	analysis_level	3301	0	0	PMID29875488	first_100_sun_2018_interval_pqtl_pilot		ENSG00000006747	SCIN	7	12570577	3301	plasma	SomaScan	FALSE	somascan_db_seqid	1
96	GCST90240215	GCST90240215	Advanced glycosylation end product-specific receptor, soluble levels (AGER.4125.52.2)	advanced glycosylation end product-specific receptor amount	http://purl.obolibrary.org/obo/OBA_2050267	http://purl.obolibrary.org/obo/OBA_2050267	resources/data/gwas-ssf-ragged/pqtl-interval-2018/2018-sun-pilot-100/filtered/AGER_GCST90240215.filtered.tsv.gz	http://ftp.ebi.ac.uk/pub/databases/gwas/summary_statistics/GCST90240001-GCST90241000/GCST90240215/harmonised/GCST90240215.h.tsv.gz		AGER_GCST90240215.filtered.tsv.gz	99785beb160d60869609eb646329151ce2a654c304739f604c0540ff490f1b6b	sha256	1538913	GRCh38	EBI GWAS Catalog terms of use	10.1038/s41586-018-0175-2	29875488	INTERVAL; Sun et al. 2018	European	European	source_trusted_no_af	sd		declared_standardised	sd	total	analysis_level	3301	0	0	PMID29875488	first_100_sun_2018_interval_pqtl_pilot		ENSG00000204305	AGER	6	32180963	3301	plasma	SomaScan	TRUE	somascan_db_seqid	1
97	GCST90240216	GCST90240216	Aggrecan core protein levels (ACAN.3280.49.2)	aggrecan core protein measurement	http://www.ebi.ac.uk/efo/EFO_0020133	http://www.ebi.ac.uk/efo/EFO_0020133	resources/data/gwas-ssf-ragged/pqtl-interval-2018/2018-sun-pilot-100/filtered/ACAN_GCST90240216.filtered.tsv.gz	http://ftp.ebi.ac.uk/pub/databases/gwas/summary_statistics/GCST90240001-GCST90241000/GCST90240216/harmonised/GCST90240216.h.tsv.gz		ACAN_GCST90240216.filtered.tsv.gz	b7ee4ab39208152299d54cdfd01f4414f6b2c945436952a30a63d2300bab2167	sha256	116006	GRCh38	EBI GWAS Catalog terms of use	10.1038/s41586-018-0175-2	29875488	INTERVAL; Sun et al. 2018	European	European	source_trusted_no_af	sd		declared_standardised	sd	total	analysis_level	3301	0	0	PMID29875488	first_100_sun_2018_interval_pqtl_pilot		ENSG00000157766	ACAN	15	88803427	3301	plasma	SomaScan	FALSE	somascan_db_seqid	1
98	GCST90240217	GCST90240217	Agouti-related protein levels (AGRP.2813.11.2)	Agouti-related protein measurement	http://www.ebi.ac.uk/efo/EFO_0008016	http://www.ebi.ac.uk/efo/EFO_0008016	resources/data/gwas-ssf-ragged/pqtl-interval-2018/2018-sun-pilot-100/filtered/AGRP_GCST90240217.filtered.tsv.gz	http://ftp.ebi.ac.uk/pub/databases/gwas/summary_statistics/GCST90240001-GCST90241000/GCST90240217/harmonised/GCST90240217.h.tsv.gz		AGRP_GCST90240217.filtered.tsv.gz	d2c7f32d6ba92f76bb3050b204756d2494217ea5fe572c4cd54bd1c7293241c8	sha256	224736	GRCh38	EBI GWAS Catalog terms of use	10.1038/s41586-018-0175-2	29875488	INTERVAL; Sun et al. 2018	European	European	source_trusted_no_af	sd		declared_standardised	sd	total	analysis_level	3301	0	0	PMID29875488	first_100_sun_2018_interval_pqtl_pilot		ENSG00000159723	AGRP	16	67482571	3301	plasma	SomaScan	FALSE	somascan_db_seqid	1
99	GCST90240218	GCST90240218	Agouti-signaling protein levels (ASIP.5676.54.3)	Agouti-signaling protein measurement	http://www.ebi.ac.uk/efo/EFO_0801357	http://www.ebi.ac.uk/efo/EFO_0801357	resources/data/gwas-ssf-ragged/pqtl-interval-2018/2018-sun-pilot-100/filtered/ASIP_GCST90240218.filtered.tsv.gz	http://ftp.ebi.ac.uk/pub/databases/gwas/summary_statistics/GCST90240001-GCST90241000/GCST90240218/harmonised/GCST90240218.h.tsv.gz		ASIP_GCST90240218.filtered.tsv.gz	668e0f92a9ab89f136ddc652097f8754dbcf4789ca44ed93c7b286b7be18bbb4	sha256	303185	GRCh38	EBI GWAS Catalog terms of use	10.1038/s41586-018-0175-2	29875488	INTERVAL; Sun et al. 2018	European	European	source_trusted_no_af	sd		declared_standardised	sd	total	analysis_level	3301	0	0	PMID29875488	first_100_sun_2018_interval_pqtl_pilot		ENSG00000101440	ASIP	20	34194569	3301	plasma	SomaScan	FALSE	somascan_db_seqid	1
