source_analysis_id	source_seqid	matched_seqid	source_target_symbol	source_label	trait_ontology_name	trait_ontology_id	target_full_name	entrez_id	ensembl_gene_id	gene_name	chromosome	gene_start	gene_end	strand	gene_biotype	genome_build	is_primary_chromosome	mhc	target_resolution_method	target_resolution_notes	mapping_status	mapping_source	somascan_db_version	coordinate_source	coordinate_source_url
GCST005806	5227-60	5227-60	PDK1	[Pyruvate dehydrogenase (acetyl-transferring)] kinase isozyme 1, mitochondrial levels (PDK1.5227.60.3)	obsolete_[pyruvate dehydrogenase (acetyl-transferring)] kinase isozyme 1; mitochondrial measurement	http://www.ebi.ac.uk/efo/EFO_0021984	[Pyruvate dehydrogenase (acetyl-transferring)] kinase isozyme 1, mitochondrial	5163	ENSG00000152256	PDK1	2	172555373	172628598	1	protein_coding	GRCh38	TRUE	FALSE	somascan_db_seqid	""	mapped_to_ensembl	SomaScan.db	0.99.10	Ensembl BioMart hsapiens_gene_ensembl	https://www.ensembl.org/biomart/martservice
GCST90240120	12651-21	12651-21	PDK2	[Pyruvate dehydrogenase (acetyl-transferring)] kinase isozyme 2, mitochondrial levels (PDK2.12651.21.3)	[pyruvate dehydrogenase (acetyl-transferring)] kinase isozyme 2, mitochondrial measurement	http://www.ebi.ac.uk/efo/EFO_0802230	[Pyruvate dehydrogenase (acetyl-transferring)] kinase isozyme 2, mitochondrial	5164	ENSG00000005882	PDK2	17	50094737	50120276	1	protein_coding	GRCh38	TRUE	FALSE	somascan_db_seqid	""	mapped_to_ensembl	SomaScan.db	0.99.10	Ensembl BioMart hsapiens_gene_ensembl	https://www.ensembl.org/biomart/martservice
GCST90240121	4563-61	4563-61	PLCG1	1-phosphatidylinositol 4,5-bisphosphate phosphodiesterase gamma-1 levels (PLCG1.4563.61.2)	1-phosphatidylinositol 4,5-bisphosphate phosphodiesterase gamma-1 measurement	http://www.ebi.ac.uk/efo/EFO_0020108	1-phosphatidylinositol 4,5-bisphosphate phosphodiesterase gamma-1	5335	ENSG00000124181	PLCG1	20	41136931	41196801	1	protein_coding	GRCh38	TRUE	FALSE	somascan_db_seqid	""	mapped_to_ensembl	SomaScan.db	0.99.10	Ensembl BioMart hsapiens_gene_ensembl	https://www.ensembl.org/biomart/martservice
GCST90240122	14157-21	14157-21	YWHAE	14-3-3 protein epsilon levels (YWHAE.14157.21.3)	14-3-3 protein epsilon measurement	http://www.ebi.ac.uk/efo/EFO_0021958	14-3-3 protein epsilon	7531	ENSG00000108953	YWHAE	17	1344275	1400326	-1	protein_coding	GRCh38	TRUE	FALSE	somascan_db_seqid	""	mapped_to_ensembl	SomaScan.db	0.99.10	Ensembl BioMart hsapiens_gene_ensembl	https://www.ensembl.org/biomart/martservice
GCST90240123	4707-50	4707-50	YWHAB	14-3-3 protein family levels (YWHAB.YWHAE.YWHAG.YWHAH.YWHAQ.YWHAZ.SFN.4707.50.2)	14-3-3 protein family measurement	http://www.ebi.ac.uk/efo/EFO_0020109	14-3-3 protein eta	7533	ENSG00000128245	YWHAH	22	31944465	31957603	1	protein_coding	GRCh38	TRUE	FALSE	somascan_db_seqid	""	mapped_to_ensembl	SomaScan.db	0.99.10	Ensembl BioMart hsapiens_gene_ensembl	https://www.ensembl.org/biomart/martservice
GCST90240124	4829-43	4829-43	SFN	14-3-3 protein sigma levels (SFN.4829.43.6)	14-3-3 protein sigma measurement	http://www.ebi.ac.uk/efo/EFO_0020110	14-3-3 protein sigma	2810	ENSG00000175793	SFN	1	26863149	26864456	1	protein_coding	GRCh38	TRUE	FALSE	somascan_db_seqid	""	mapped_to_ensembl	SomaScan.db	0.99.10	Ensembl BioMart hsapiens_gene_ensembl	https://www.ensembl.org/biomart/martservice
GCST90240125	7625-27	7625-27	YWHAQ	14-3-3 protein theta levels (YWHAQ.7625.27.3)	14-3-3 protein theta measurement	http://www.ebi.ac.uk/efo/EFO_0022011	14-3-3 protein theta	10971	ENSG00000134308	YWHAQ	2	9583334	9639472	-1	protein_coding	GRCh38	TRUE	FALSE	somascan_db_seqid	""	mapped_to_ensembl	SomaScan.db	0.99.10	Ensembl BioMart hsapiens_gene_ensembl	https://www.ensembl.org/biomart/martservice
GCST90240126	5858-6	5858-6	YWHAZ	14-3-3 protein zeta/delta levels (YWHAZ.5858.6.5)	14-3-3 protein zeta/delta measurement	http://www.ebi.ac.uk/efo/EFO_0021996	14-3-3 protein zeta/delta	7534	ENSG00000164924	YWHAZ	8	100914526	100953397	-1	protein_coding	GRCh38	TRUE	FALSE	somascan_db_seqid	""	mapped_to_ensembl	SomaScan.db	0.99.10	Ensembl BioMart hsapiens_gene_ensembl	https://www.ensembl.org/biomart/martservice
GCST90240127	4995-16	4995-16	HPGD	15-hydroxyprostaglandin dehydrogenase [NAD(+)] levels (HPGD.4995.16.1)	15-hydroxyprostaglandin dehydrogenase [NAD(+)] measurement	http://www.ebi.ac.uk/efo/EFO_0020111	15-hydroxyprostaglandin dehydrogenase [NAD(+)]	3248	ENSG00000164120	HPGD	4	174453668	174523154	-1	protein_coding	GRCh38	TRUE	FALSE	somascan_db_seqid	""	mapped_to_ensembl	SomaScan.db	0.99.10	Ensembl BioMart hsapiens_gene_ensembl	https://www.ensembl.org/biomart/martservice
GCST90240128	13972-4	13972-4	HSD17B14	17-beta-hydroxysteroid dehydrogenase 14 levels (HSD17B14.13972.4.3)	17-beta-hydroxysteroid dehydrogenase 14 measurement	http://www.ebi.ac.uk/efo/EFO_0802231	17-beta-hydroxysteroid dehydrogenase 14	51171	ENSG00000087076	HSD17B14	19	48813014	48837064	-1	protein_coding	GRCh38	TRUE	FALSE	somascan_db_seqid	""	mapped_to_ensembl	SomaScan.db	0.99.10	Ensembl BioMart hsapiens_gene_ensembl	https://www.ensembl.org/biomart/martservice
GCST90240129	6079-59	6079-59	ACPL2	2-phosphoxylose phosphatase 1 levels (ACPL2.6079.59.3)	2-phosphoxylose phosphatase 1 measurement	http://www.ebi.ac.uk/efo/EFO_0803305	2-phosphoxylose phosphatase 1	92370	ENSG00000155893	PXYLP1	3	141228726	141367753	1	protein_coding	GRCh38	TRUE	FALSE	somascan_db_seqid	""	mapped_to_ensembl	SomaScan.db	0.99.10	Ensembl BioMart hsapiens_gene_ensembl	https://www.ensembl.org/biomart/martservice
GCST90240130	10361-25	10361-25	OAS1	2'-5'-oligoadenylate synthase 1 levels (OAS1.10361.25.3)	2'-5'-oligoadenylate synthase 1 measurement	http://www.ebi.ac.uk/efo/EFO_0021911	2'-5'-oligoadenylate synthase 1	4938	ENSG00000089127	OAS1	12	112905856	112933219	1	protein_coding	GRCh38	TRUE	FALSE	somascan_db_seqid	""	mapped_to_ensembl	SomaScan.db	0.99.10	Ensembl BioMart hsapiens_gene_ensembl	https://www.ensembl.org/biomart/martservice
GCST90240131	6609-22	6609-22	CNP	2',3'-cyclic-nucleotide 3'-phosphodiesterase levels (CNP.6609.22.3)	2',3'-cyclic-nucleotide 3'-phosphodiesterase measurement	http://www.ebi.ac.uk/efo/EFO_0802232	2',3'-cyclic-nucleotide 3'-phosphodiesterase	1267	ENSG00000173786	CNP	17	41966729	41977740	1	protein_coding	GRCh38	TRUE	FALSE	somascan_db_seqid	""	mapped_to_ensembl	SomaScan.db	0.99.10	Ensembl BioMart hsapiens_gene_ensembl	https://www.ensembl.org/biomart/martservice
GCST90240132	8824-2		PSMD1	26S proteasome non-ATPase regulatory subunit 1 levels (PSMD1.8824.2.3)	26S proteasome non-ATPase regulatory subunit 1 measurement	http://www.ebi.ac.uk/efo/EFO_0802233			ENSG00000173692	PSMD1	2	231056845	231173116	1	protein_coding	GRCh38	TRUE	FALSE	ensembl_hgnc_symbol	source SeqId absent from current SomaScan.db; coordinate resolved by matching GWAS Catalog trait symbol to Ensembl HGNC symbol	mapped_to_ensembl	GWAS Catalog trait symbol		Ensembl BioMart hsapiens_gene_ensembl	https://www.ensembl.org/biomart/martservice
GCST90240133	13572-43	13572-43	PSMD11	26S proteasome non-ATPase regulatory subunit 11 levels (PSMD11.13572.43.3)	26S proteasome non-ATPase regulatory subunit 11 measurement	http://www.ebi.ac.uk/efo/EFO_0802234	26S proteasome non-ATPase regulatory subunit 11	5717	ENSG00000108671	PSMD11	17	32444379	32483319	1	protein_coding	GRCh38	TRUE	FALSE	somascan_db_seqid	""	mapped_to_ensembl	SomaScan.db	0.99.10	Ensembl BioMart hsapiens_gene_ensembl	https://www.ensembl.org/biomart/martservice
GCST90240134	13568-30	13568-30	PSMD4	26S proteasome non-ATPase regulatory subunit 4 levels (PSMD4.13568.30.3)	26S proteasome non-ATPase regulatory subunit 4 measurement	http://www.ebi.ac.uk/efo/EFO_0802235	26S proteasome non-ATPase regulatory subunit 4	5710	ENSG00000159352	PSMD4	1	151254709	151279502	1	protein_coding	GRCh38	TRUE	FALSE	somascan_db_seqid	""	mapped_to_ensembl	SomaScan.db	0.99.10	Ensembl BioMart hsapiens_gene_ensembl	https://www.ensembl.org/biomart/martservice
GCST90240135	10716-35	10716-35	PSMD5	26S proteasome non-ATPase regulatory subunit 5 levels (PSMD5.10716.35.3)	26S proteasome non-ATPase regulatory subunit 5 measurement	http://www.ebi.ac.uk/efo/EFO_0801331	26S proteasome non-ATPase regulatory subunit 5	5711	ENSG00000095261	PSMD5	9	120815496	120843388	-1	protein_coding	GRCh38	TRUE	FALSE	somascan_db_seqid	""	mapped_to_ensembl	SomaScan.db	0.99.10	Ensembl BioMart hsapiens_gene_ensembl	https://www.ensembl.org/biomart/martservice
GCST90240136	3898-5	3898-5	PSMD7	26S proteasome non-ATPase regulatory subunit 7 levels (PSMD7.3898.5.2)	26S proteasome non-ATPase regulatory subunit 7 amount	http://purl.obolibrary.org/obo/OBA_2050236	26S proteasome non-ATPase regulatory subunit 7	5713	ENSG00000103035	PSMD7	16	74296781	74306290	1	protein_coding	GRCh38	TRUE	FALSE	somascan_db_seqid	""	mapped_to_ensembl	SomaScan.db	0.99.10	Ensembl BioMart hsapiens_gene_ensembl	https://www.ensembl.org/biomart/martservice
GCST90240137	5230-99	5230-99	HMGCR	3-hydroxy-3-methylglutaryl-coenzyme A reductase levels (HMGCR.5230.99.3)	3-hydroxy-3-methylglutaryl-coenzymeAreductase measurement	http://www.ebi.ac.uk/efo/EFO_0020113	3-hydroxy-3-methylglutaryl-coenzyme A reductase	3156	ENSG00000113161	HMGCR	5	75336329	75364241	1	protein_coding	GRCh38	TRUE	FALSE	somascan_db_seqid	""	mapped_to_ensembl	SomaScan.db	0.99.10	Ensembl BioMart hsapiens_gene_ensembl	https://www.ensembl.org/biomart/martservice
GCST90240138	4217-49	4217-49	HSD17B10	3-hydroxyacyl-CoA dehydrogenase type-2 levels (HSD17B10.4217.49.3)	3-hydroxyacyl-coa dehydrogenase type-2 measurement	http://www.ebi.ac.uk/efo/EFO_0020114	3-hydroxyacyl-CoA dehydrogenase type-2	3028	ENSG00000072506	HSD17B10	X	53431258	53434403	-1	protein_coding	GRCh38	TRUE	FALSE	somascan_db_seqid	""	mapped_to_ensembl	SomaScan.db	0.99.10	Ensembl BioMart hsapiens_gene_ensembl	https://www.ensembl.org/biomart/martservice
GCST90240139	5861-78	5861-78	HAAO	3-hydroxyanthranilate 3,4-dioxygenase levels (HAAO.5861.78.3)	3-hydroxyanthranilate 3,4-dioxygenase measurement	http://www.ebi.ac.uk/efo/EFO_0021862	3-hydroxyanthranilate 3,4-dioxygenase	23498	ENSG00000162882	HAAO	2	42765709	42792941	-1	protein_coding	GRCh38	TRUE	FALSE	somascan_db_seqid	""	mapped_to_ensembl	SomaScan.db	0.99.10	Ensembl BioMart hsapiens_gene_ensembl	https://www.ensembl.org/biomart/martservice
GCST90240140	12686-15	12686-15	MPST	3-mercaptopyruvate sulfurtransferase levels (MPST.12686.15.3)	3-mercaptopyruvate sulfurtransferase measurement	http://www.ebi.ac.uk/efo/EFO_0802236	3-mercaptopyruvate sulfurtransferase	4357	ENSG00000128309	MPST	22	37019635	37029828	1	protein_coding	GRCh38	TRUE	FALSE	somascan_db_seqid	""	mapped_to_ensembl	SomaScan.db	0.99.10	Ensembl BioMart hsapiens_gene_ensembl	https://www.ensembl.org/biomart/martservice
GCST90240141	8021-59	8021-59	MRPL14	39S ribosomal protein L14, mitochondrial levels (MRPL14.8021.59.3)	39S ribosomal protein L14, mitochondrial measurement	http://www.ebi.ac.uk/efo/EFO_0802237	39S ribosomal protein L14, mitochondrial	64928	ENSG00000180992	MRPL14	6	44078275	44134339	-1	protein_coding	GRCh38	TRUE	FALSE	somascan_db_seqid	""	mapped_to_ensembl	SomaScan.db	0.99.10	Ensembl BioMart hsapiens_gene_ensembl	https://www.ensembl.org/biomart/martservice
GCST90240142	7982-10	7982-10	MRPL32	39S ribosomal protein L14, mitochondrial levels (MRPL32.7982.10.3)	39S ribosomal protein L14, mitochondrial measurement	http://www.ebi.ac.uk/efo/EFO_0802237	39S ribosomal protein L32, mitochondrial	64983	ENSG00000106591	MRPL32	7	42932346	42948958	1	protein_coding	GRCh38	TRUE	FALSE	somascan_db_seqid	""	mapped_to_ensembl	SomaScan.db	0.99.10	Ensembl BioMart hsapiens_gene_ensembl	https://www.ensembl.org/biomart/martservice
GCST90240143	13453-2	13453-2	MRPL33	39S ribosomal protein L33, mitochondrial levels (MRPL33.13453.2.3)	39S ribosomal protein L33, mitochondrial measurement	http://www.ebi.ac.uk/efo/EFO_0801332	39S ribosomal protein L33, mitochondrial	9553	ENSG00000243147	MRPL33	2	27771683	27781484	1	protein_coding	GRCh38	TRUE	FALSE	somascan_db_seqid	""	mapped_to_ensembl	SomaScan.db	0.99.10	Ensembl BioMart hsapiens_gene_ensembl	https://www.ensembl.org/biomart/martservice
GCST90240144	6933-20	6933-20	MRPL34	39S ribosomal protein L34, mitochondrial levels (MRPL34.6933.20.3)	39S ribosomal protein L34, mitochondrial measurement	http://www.ebi.ac.uk/efo/EFO_0802238	39S ribosomal protein L34, mitochondrial	64981	ENSG00000130312	MRPL34	19	17292543	17306847	1	protein_coding	GRCh38	TRUE	FALSE	somascan_db_seqid	""	mapped_to_ensembl	SomaScan.db	0.99.10	Ensembl BioMart hsapiens_gene_ensembl	https://www.ensembl.org/biomart/martservice
GCST90240145	7123-25	7123-25	MRPL52	39S ribosomal protein L52, mitochondrial levels (MRPL52.7123.25.3)	39S ribosomal protein L52, mitochondrial measurement	http://www.ebi.ac.uk/efo/EFO_0802239	39S ribosomal protein L52, mitochondrial	122704	ENSG00000172590	MRPL52	14	22829871	22836024	1	protein_coding	GRCh38	TRUE	FALSE	somascan_db_seqid	""	mapped_to_ensembl	SomaScan.db	0.99.10	Ensembl BioMart hsapiens_gene_ensembl	https://www.ensembl.org/biomart/martservice
GCST90240146	10024-44	10024-44	HOGA1	4-hydroxy-2-oxoglutarate aldolase, mitochondrial levels (HOGA1.10024.44.3)	4-hydroxy-2-oxoglutarate aldolase, mitochondrial measurement	http://www.ebi.ac.uk/efo/EFO_0802240	4-hydroxy-2-oxoglutarate aldolase, mitochondrial	112817	ENSG00000241935	HOGA1	10	97584323	97613829	1	protein_coding	GRCh38	TRUE	FALSE	somascan_db_seqid	""	mapped_to_ensembl	SomaScan.db	0.99.10	Ensembl BioMart hsapiens_gene_ensembl	https://www.ensembl.org/biomart/martservice
GCST90240147	5026-66	5026-66	RPS3	40S ribosomal protein S3 levels (RPS3.5026.66.1)	40s ribosomal protein S3 measurement	http://www.ebi.ac.uk/efo/EFO_0020117	40S ribosomal protein S3	6188	ENSG00000149273	RPS3	11	75394327	75422304	1	protein_coding	GRCh38	TRUE	FALSE	somascan_db_seqid	""	mapped_to_ensembl	SomaScan.db	0.99.10	Ensembl BioMart hsapiens_gene_ensembl	https://www.ensembl.org/biomart/martservice
GCST90240148	5484-63	5484-63	RPS3A	40S ribosomal protein S3a levels (RPS3A.5484.63.3)	40S ribosomal protein S3a measurement	http://www.ebi.ac.uk/efo/EFO_0801333	40S ribosomal protein S3a	6189	ENSG00000145425	RPS3A	4	151099564	151104652	1	protein_coding	GRCh38	TRUE	FALSE	somascan_db_seqid	""	mapped_to_ensembl	SomaScan.db	0.99.10	Ensembl BioMart hsapiens_gene_ensembl	https://www.ensembl.org/biomart/martservice
GCST90240149	9758-17	9758-17	RPS4X	40S ribosomal protein S4, X isoform levels (RPS4X.9758.17.3)	40S ribosomal protein S4, X isoform measurement	http://www.ebi.ac.uk/efo/EFO_0801334	40S ribosomal protein S4, X isoform	6191	ENSG00000198034	RPS4X	X	72255661	72277344	-1	protein_coding	GRCh38	TRUE	FALSE	somascan_db_seqid	""	mapped_to_ensembl	SomaScan.db	0.99.10	Ensembl BioMart hsapiens_gene_ensembl	https://www.ensembl.org/biomart/martservice
GCST90240150	3864-5	3864-5	RPS7	40S ribosomal protein S7 levels (RPS7.3864.5.2)	40s ribosomal protein S7 measurement	http://www.ebi.ac.uk/efo/EFO_0020118	40S ribosomal protein S7	6201	ENSG00000171863	RPS7	2	3575198	3580952	1	protein_coding	GRCh38	TRUE	FALSE	somascan_db_seqid	""	mapped_to_ensembl	SomaScan.db	0.99.10	Ensembl BioMart hsapiens_gene_ensembl	https://www.ensembl.org/biomart/martservice
GCST90240151	4957-1	19623-26	RPSA	40S ribosomal protein SA levels (RPSA.4957.1.2)	40s ribosomal protein SA measurement	http://www.ebi.ac.uk/efo/EFO_0020119	40S ribosomal protein SA	3921	ENSG00000168028	RPSA	3	39406709	39426255	1	protein_coding	GRCh38	TRUE	FALSE	somascan_db_gene_name	source SeqId absent from current SomaScan.db; coordinate resolved by matching GWAS Catalog trait symbol to SomaScan.db gene_name	mapped_to_ensembl	SomaScan.db	0.99.10	Ensembl BioMart hsapiens_gene_ensembl	https://www.ensembl.org/biomart/martservice
GCST90240152	14107-1	14107-1	MTHFS	5-formyltetrahydrofolate cyclo-ligase levels (MTHFS.14107.1.3)	5-formyltetrahydrofolate cyclo-ligase measurement	http://www.ebi.ac.uk/efo/EFO_0801335	5-formyltetrahydrofolate cyclo-ligase	10588	ENSG00000136371	MTHFS	15	79833585	79897379	-1	protein_coding	GRCh38	TRUE	FALSE	somascan_db_seqid	""	mapped_to_ensembl	SomaScan.db	0.99.10	Ensembl BioMart hsapiens_gene_ensembl	https://www.ensembl.org/biomart/martservice
GCST90240153	6993-8	6993-8	NT5E	5'-Nucleotidase levels (NT5E.6993.8.3)	5'-nucleotidase measurement	http://www.ebi.ac.uk/efo/EFO_0802241	5'-Nucleotidase	4907	ENSG00000135318	NT5E	6	85449584	85547684	1	protein_coding	GRCh38	TRUE	FALSE	somascan_db_seqid	""	mapped_to_ensembl	SomaScan.db	0.99.10	Ensembl BioMart hsapiens_gene_ensembl	https://www.ensembl.org/biomart/martservice
GCST90240154	12560-9	12560-9	NT5C	5'(3')-deoxyribonucleotidase, cytosolic type levels (NT5C.12560.9.3)	5'(3')-deoxyribonucleotidase, cytosolic type measurement	http://www.ebi.ac.uk/efo/EFO_0801336	5'(3')-deoxyribonucleotidase, cytosolic type	30833	ENSG00000125458	NT5C	17	75130225	75131806	-1	protein_coding	GRCh38	TRUE	FALSE	somascan_db_seqid	""	mapped_to_ensembl	SomaScan.db	0.99.10	Ensembl BioMart hsapiens_gene_ensembl	https://www.ensembl.org/biomart/martservice
GCST90240155	12014-19	12014-19	PTS	6-pyruvoyl tetrahydrobiopterin synthase levels (PTS.12014.19.3)	6-pyruvoyl tetrahydrobiopterin synthase measurement	http://www.ebi.ac.uk/efo/EFO_0802242	6-pyruvoyl tetrahydrobiopterin synthase	5805	ENSG00000150787	PTS	11	112226059	112270449	1	protein_coding	GRCh38	TRUE	FALSE	somascan_db_seqid	""	mapped_to_ensembl	SomaScan.db	0.99.10	Ensembl BioMart hsapiens_gene_ensembl	https://www.ensembl.org/biomart/martservice
GCST90240156	10949-59	10949-59	RPLP2	60S acidic ribosomal protein P2 levels (RPLP2.10949.59.3)	60S acidic ribosomal protein P2 measurement	http://www.ebi.ac.uk/efo/EFO_0802243	60S acidic ribosomal protein P2	6181	ENSG00000177600	RPLP2	11	799414	812891	1	protein_coding	GRCh38	TRUE	FALSE	somascan_db_seqid	""	mapped_to_ensembl	SomaScan.db	0.99.10	Ensembl BioMart hsapiens_gene_ensembl	https://www.ensembl.org/biomart/martservice
GCST90240157	12478-15	12478-15	RPL30	60S ribosomal protein L30 levels (RPL30.12478.15.3)	60S ribosomal protein L30 measurement	http://www.ebi.ac.uk/efo/EFO_0801337	60S ribosomal protein L30	6156	ENSG00000156482	RPL30	8	98016387	98046469	-1	protein_coding	GRCh38	TRUE	FALSE	somascan_db_seqid	""	mapped_to_ensembl	SomaScan.db	0.99.10	Ensembl BioMart hsapiens_gene_ensembl	https://www.ensembl.org/biomart/martservice
GCST90240158	11370-20	11370-20	INPP5E	72 kDa inositol polyphosphate 5-phosphatase levels (INPP5E.11370.20.3)	72 kDa inositol polyphosphate 5-phosphatase measurement	http://www.ebi.ac.uk/efo/EFO_0802244	72 kDa inositol polyphosphate 5-phosphatase	56623	ENSG00000148384	INPP5E	9	136428615	136439882	-1	protein_coding	GRCh38	TRUE	FALSE	somascan_db_seqid	""	mapped_to_ensembl	SomaScan.db	0.99.10	Ensembl BioMart hsapiens_gene_ensembl	https://www.ensembl.org/biomart/martservice
GCST90240159	4160-49	4160-49	MMP2	72 kDa type IV collagenase levels (MMP2.4160.49.1)	72 kda type IV collagenase measurement	http://www.ebi.ac.uk/efo/EFO_0020122	72 kDa type IV collagenase	4313	ENSG00000087245	MMP2	16	55389700	55508058	1	protein_coding	GRCh38	TRUE	FALSE	somascan_db_seqid	""	mapped_to_ensembl	SomaScan.db	0.99.10	Ensembl BioMart hsapiens_gene_ensembl	https://www.ensembl.org/biomart/martservice
GCST90240160	3174-2	3174-2	ADAMTS1	A disintegrin and metalloproteinase with thrombospondin motifs 1 levels (ADAMTS1.3174.2.1)	a disintegrin and metalloproteinase with thrombospondin motifs 1 measurement	http://www.ebi.ac.uk/efo/EFO_0021968	A disintegrin and metalloproteinase with thrombospondin motifs 1	9510	ENSG00000154734	ADAMTS1	21	26835687	26845409	-1	protein_coding	GRCh38	TRUE	FALSE	somascan_db_seqid	""	mapped_to_ensembl	SomaScan.db	0.99.10	Ensembl BioMart hsapiens_gene_ensembl	https://www.ensembl.org/biomart/martservice
GCST90240161	3175-51	3175-51	ADAMTS13	A disintegrin and metalloproteinase with thrombospondin motifs 13 levels (ADAMTS13.3175.51.5)	ADAMTS13 measurement	http://www.ebi.ac.uk/efo/EFO_0009269	A disintegrin and metalloproteinase with thrombospondin motifs 13	11093	ENSG00000160323	ADAMTS13	9	133414358	133459402	1	protein_coding	GRCh38	TRUE	FALSE	somascan_db_seqid	""	mapped_to_ensembl	SomaScan.db	0.99.10	Ensembl BioMart hsapiens_gene_ensembl	https://www.ensembl.org/biomart/martservice
GCST90240162	4533-76	4533-76	ADAMTS15	A disintegrin and metalloproteinase with thrombospondin motifs 15 levels (ADAMTS15.4533.76.2)	a disintegrin and metalloproteinase with thrombospondin motifs 15 measurement	http://www.ebi.ac.uk/efo/EFO_0020123	A disintegrin and metalloproteinase with thrombospondin motifs 15	170689	ENSG00000166106	ADAMTS15	11	130448635	130476645	1	protein_coding	GRCh38	TRUE	FALSE	somascan_db_seqid	""	mapped_to_ensembl	SomaScan.db	0.99.10	Ensembl BioMart hsapiens_gene_ensembl	https://www.ensembl.org/biomart/martservice
GCST90240163	8845-2	8845-2	ADAMTS3	A disintegrin and metalloproteinase with thrombospondin motifs 3 levels (ADAMTS3.8845.2.3)	a disintegrin and metalloproteinase with thrombospondin motifs 3 measurement	http://www.ebi.ac.uk/efo/EFO_0802245	A disintegrin and metalloproteinase with thrombospondin motifs 3	9508	ENSG00000156140	ADAMTS3	4	72280969	72569365	-1	protein_coding	GRCh38	TRUE	FALSE	somascan_db_seqid	""	mapped_to_ensembl	SomaScan.db	0.99.10	Ensembl BioMart hsapiens_gene_ensembl	https://www.ensembl.org/biomart/martservice
GCST90240164	2809-25	2809-25	ADAMTS4	A disintegrin and metalloproteinase with thrombospondin motifs 4 levels (ADAMTS4.2809.25.2)	a disintegrin and metalloproteinase with thrombospondin motifs 4 measurement	http://www.ebi.ac.uk/efo/EFO_0020124	A disintegrin and metalloproteinase with thrombospondin motifs 4	9507	ENSG00000158859	ADAMTS4	1	161184302	161200509	-1	protein_coding	GRCh38	TRUE	FALSE	somascan_db_seqid	""	mapped_to_ensembl	SomaScan.db	0.99.10	Ensembl BioMart hsapiens_gene_ensembl	https://www.ensembl.org/biomart/martservice
GCST90240165	3168-8	3168-8	ADAMTS5	A disintegrin and metalloproteinase with thrombospondin motifs 5 levels (ADAMTS5.3168.8.2)	a disintegrin and metalloproteinase with thrombospondin motifs 5 measurement	http://www.ebi.ac.uk/efo/EFO_0008326	A disintegrin and metalloproteinase with thrombospondin motifs 5	11096	ENSG00000154736	ADAMTS5	21	26917922	26967641	-1	protein_coding	GRCh38	TRUE	FALSE	somascan_db_seqid	""	mapped_to_ensembl	SomaScan.db	0.99.10	Ensembl BioMart hsapiens_gene_ensembl	https://www.ensembl.org/biomart/martservice
GCST90240166	6441-62	6441-62	ADAMTS6	A disintegrin and metalloproteinase with thrombospondin motifs 6 levels (ADAMTS6.6441.62.3)	a disintegrin and metalloproteinase with thrombospondin motifs 6 measurement	http://www.ebi.ac.uk/efo/EFO_0801338	A disintegrin and metalloproteinase with thrombospondin motifs 6	11174	ENSG00000049192	ADAMTS6	5	65148738	65481944	-1	protein_coding	GRCh38	TRUE	FALSE	somascan_db_seqid	""	mapped_to_ensembl	SomaScan.db	0.99.10	Ensembl BioMart hsapiens_gene_ensembl	https://www.ensembl.org/biomart/martservice
GCST90240167	10030-8	10030-8	MUTYH	A/G-specific adenine DNA glycosylase levels (MUTYH.10030.8.3)	A/G-specific adenine DNA glycosylase measurement	http://www.ebi.ac.uk/efo/EFO_0802246	Adenine DNA glycosylase	4595	ENSG00000132781	MUTYH	1	45329163	45340893	-1	protein_coding	GRCh38	TRUE	FALSE	somascan_db_seqid	""	mapped_to_ensembl	SomaScan.db	0.99.10	Ensembl BioMart hsapiens_gene_ensembl	https://www.ensembl.org/biomart/martservice
GCST90240168	9794-17	9794-17	ADCK4	AarF domain-containing protein kinase 4 levels (ADCK4.9794.17.3)	aarF domain-containing protein kinase 4 measurement	http://www.ebi.ac.uk/efo/EFO_0802247	AarF domain-containing protein kinase 4	79934	ENSG00000123815	COQ8B	19	40691514	40725784	-1	protein_coding	GRCh38	TRUE	FALSE	somascan_db_seqid	""	mapped_to_ensembl	SomaScan.db	0.99.10	Ensembl BioMart hsapiens_gene_ensembl	https://www.ensembl.org/biomart/martservice
GCST90240169	5261-13	5261-13	ABL2	Abelson tyrosine-protein kinase 2 levels (ABL2.5261.13.3)	Abelson tyrosine-protein kinase 2 measurement	http://www.ebi.ac.uk/efo/EFO_0008012	Abelson tyrosine-protein kinase 2	27	ENSG00000143322	ABL2	1	179099330	179229684	-1	protein_coding	GRCh38	TRUE	FALSE	somascan_db_seqid	""	mapped_to_ensembl	SomaScan.db	0.99.10	Ensembl BioMart hsapiens_gene_ensembl	https://www.ensembl.org/biomart/martservice
GCST90240170	12900-29	31985-1	ACACB	Acetyl-CoA carboxylase 2 levels (ACACB.12900.29.3)	acetyl-CoA carboxylase 2 measurement	http://www.ebi.ac.uk/efo/EFO_0802248	Acetyl-CoA carboxylase 2	32	ENSG00000076555	ACACB	12	109116320	109268226	1	protein_coding	GRCh38	TRUE	FALSE	somascan_db_gene_name	source SeqId absent from current SomaScan.db; coordinate resolved by matching GWAS Catalog trait symbol to SomaScan.db gene_name	mapped_to_ensembl	SomaScan.db	0.99.10	Ensembl BioMart hsapiens_gene_ensembl	https://www.ensembl.org/biomart/martservice
GCST90240171	5748-20	5748-20	ASAH1	Acid ceramidase levels (ASAH1.5748.20.3)	acid ceramidase measurement	http://www.ebi.ac.uk/efo/EFO_0801339	Acid ceramidase	427	ENSG00000104763	ASAH1	8	18055992	18084998	-1	protein_coding	GRCh38	TRUE	FALSE	somascan_db_seqid	""	mapped_to_ensembl	SomaScan.db	0.99.10	Ensembl BioMart hsapiens_gene_ensembl	https://www.ensembl.org/biomart/martservice
GCST90240172	14086-11	14086-11	SMPDL3A	Acid sphingomyelinase-like phosphodiesterase 3a levels (SMPDL3A.14086.11.3)	acid sphingomyelinase-like phosphodiesterase 3a measurement	http://www.ebi.ac.uk/efo/EFO_0008013	Acid sphingomyelinase-like phosphodiesterase 3a	10924	ENSG00000172594	SMPDL3A	6	122788456	122811801	1	protein_coding	GRCh38	TRUE	FALSE	somascan_db_seqid	""	mapped_to_ensembl	SomaScan.db	0.99.10	Ensembl BioMart hsapiens_gene_ensembl	https://www.ensembl.org/biomart/martservice
GCST90240173	4771-10	4771-10	SMPDL3A	Acid sphingomyelinase-like phosphodiesterase 3a levels (SMPDL3A.4771.10.3)	acid sphingomyelinase-like phosphodiesterase 3a measurement	http://www.ebi.ac.uk/efo/EFO_0008013	Acid sphingomyelinase-like phosphodiesterase 3a	10924	ENSG00000172594	SMPDL3A	6	122788456	122811801	1	protein_coding	GRCh38	TRUE	FALSE	somascan_db_seqid	""	mapped_to_ensembl	SomaScan.db	0.99.10	Ensembl BioMart hsapiens_gene_ensembl	https://www.ensembl.org/biomart/martservice
GCST90240174	6951-26	6951-26	ASIC4	Acid-sensing ion channel 4 levels (ASIC4.6951.26.3)	acid-sensing ion channel 4 measurement	http://www.ebi.ac.uk/efo/EFO_0802249	Acid-sensing ion channel 4	55515	ENSG00000072182	ASIC4	2	219514170	219538772	1	protein_coding	GRCh38	TRUE	FALSE	somascan_db_seqid	""	mapped_to_ensembl	SomaScan.db	0.99.10	Ensembl BioMart hsapiens_gene_ensembl	https://www.ensembl.org/biomart/martservice
GCST90240175	13073-14	13073-14	ANP32A	Acidic leucine-rich nuclear phosphoprotein 32 family member A levels (ANP32A.13073.14.3)	acidic leucine-rich nuclear phosphoprotein 32 family member A measurement	http://www.ebi.ac.uk/efo/EFO_0802250	Acidic leucine-rich nuclear phosphoprotein 32 family member A	8125	ENSG00000140350	ANP32A	15	68778534	68820924	-1	protein_coding	GRCh38	TRUE	FALSE	somascan_db_seqid	""	mapped_to_ensembl	SomaScan.db	0.99.10	Ensembl BioMart hsapiens_gene_ensembl	https://www.ensembl.org/biomart/martservice
GCST90240176	4194-26	4194-26	ANP32B	Acidic leucine-rich nuclear phosphoprotein 32 family member B levels (ANP32B.4194.26.3)	acidic leucine-rich nuclear phosphoprotein 32 family member b measurement	http://www.ebi.ac.uk/efo/EFO_0020125	Acidic leucine-rich nuclear phosphoprotein 32 family member B	10541	ENSG00000136938	ANP32B	9	97983126	98017079	1	protein_coding	GRCh38	TRUE	FALSE	somascan_db_seqid	""	mapped_to_ensembl	SomaScan.db	0.99.10	Ensembl BioMart hsapiens_gene_ensembl	https://www.ensembl.org/biomart/martservice
GCST90240177	13578-98	13578-98	ABLIM3	Actin-binding LIM protein 3 levels (ABLIM3.13578.98.3)	actin-binding LIM protein 3 measurement	http://www.ebi.ac.uk/efo/EFO_0802251	Actin-binding LIM protein 3	22885	ENSG00000173210	ABLIM3	5	149141362	149260542	1	protein_coding	GRCh38	TRUE	FALSE	somascan_db_seqid	""	mapped_to_ensembl	SomaScan.db	0.99.10	Ensembl BioMart hsapiens_gene_ensembl	https://www.ensembl.org/biomart/martservice
GCST90240178	13573-5	13573-5	ARPC3	Actin-related protein 2/3 complex subunit 3 levels (ARPC3.13573.5.3)	actin-related protein 2/3 complex subunit 3 measurement	http://www.ebi.ac.uk/efo/EFO_0802252	Actin-related protein 2/3 complex subunit 3	10094	ENSG00000111229	ARPC3	12	110434436	110450422	-1	protein_coding	GRCh38	TRUE	FALSE	somascan_db_seqid	""	mapped_to_ensembl	SomaScan.db	0.99.10	Ensembl BioMart hsapiens_gene_ensembl	https://www.ensembl.org/biomart/martservice
GCST90240179	3758-63	3758-63	PROC	Activated Protein C levels (PROC.3758.63.3)	activated protein C measurement	http://www.ebi.ac.uk/efo/EFO_0020126	Activated Protein C	5624	ENSG00000115718	PROC	2	127415933	127429762	1	protein_coding	GRCh38	TRUE	FALSE	somascan_db_seqid	""	mapped_to_ensembl	SomaScan.db	0.99.10	Ensembl BioMart hsapiens_gene_ensembl	https://www.ensembl.org/biomart/martservice
GCST90240180	3758-68	3758-68	PROC	Activated Protein C levels (PROC.3758.68.3)	activated protein C measurement	http://www.ebi.ac.uk/efo/EFO_0020126	Activated Protein C	5624	ENSG00000115718	PROC	2	127415933	127429762	1	protein_coding	GRCh38	TRUE	FALSE	somascan_db_seqid	""	mapped_to_ensembl	SomaScan.db	0.99.10	Ensembl BioMart hsapiens_gene_ensembl	https://www.ensembl.org/biomart/martservice
GCST90240181	10647-18	10647-18	ASCC1	Activating signal cointegrator 1 complex subunit 1 levels (ASCC1.10647.18.3)	activating signal cointegrator 1 complex subunit 1 measurement	http://www.ebi.ac.uk/efo/EFO_0801340	Activating signal cointegrator 1 complex subunit 1	51008	ENSG00000138303	ASCC1	10	72092153	72217653	-1	protein_coding	GRCh38	TRUE	FALSE	somascan_db_seqid	""	mapped_to_ensembl	SomaScan.db	0.99.10	Ensembl BioMart hsapiens_gene_ensembl	https://www.ensembl.org/biomart/martservice
GCST90240182	11633-89	11633-89	AHSA1	Activator of 90 kDa heat shock protein ATPase homolog 1 levels (AHSA1.11633.89.3)	activator of 90 kDa heat shock protein ATPase homolog 1 measurement	http://www.ebi.ac.uk/efo/EFO_0801341	Activator of 90 kDa heat shock protein ATPase homolog 1	10598	ENSG00000100591	AHSA1	14	77457743	77469482	1	protein_coding	GRCh38	TRUE	FALSE	somascan_db_seqid	""	mapped_to_ensembl	SomaScan.db	0.99.10	Ensembl BioMart hsapiens_gene_ensembl	https://www.ensembl.org/biomart/martservice
GCST90240183	8008-28	8008-28	HRK	Activator of apoptosis harakiri levels (HRK.8008.28.3)	activator of apoptosis harakiri measurement	http://www.ebi.ac.uk/efo/EFO_0802253	Activator of apoptosis harakiri	8739	ENSG00000135116	HRK	12	116856144	116881447	-1	protein_coding	GRCh38	TRUE	FALSE	somascan_db_seqid	""	mapped_to_ensembl	SomaScan.db	0.99.10	Ensembl BioMart hsapiens_gene_ensembl	https://www.ensembl.org/biomart/martservice
GCST90240184	2806-49	2806-49	ACVR1B	Activin receptor type-1B levels (ACVR1B.2806.49.2)	activin receptor type-1B amount	http://purl.obolibrary.org/obo/OBA_2050263	Activin receptor type-1B	91	ENSG00000135503	ACVR1B	12	51951675	51997082	1	protein_coding	GRCh38	TRUE	FALSE	somascan_db_seqid	""	mapped_to_ensembl	SomaScan.db	0.99.10	Ensembl BioMart hsapiens_gene_ensembl	https://www.ensembl.org/biomart/martservice
GCST90240185	10075-75	10075-75	ACBD6	Acyl-CoA-binding domain-containing protein 6 levels (ACBD6.10075.75.3)	acyl-CoA-binding domain-containing protein 6 measurement	http://www.ebi.ac.uk/efo/EFO_0801342	Acyl-CoA-binding domain-containing protein 6	84320	ENSG00000230124	ACBD6	1	180269653	180502954	-1	protein_coding	GRCh38	TRUE	FALSE	somascan_db_seqid	""	mapped_to_ensembl	SomaScan.db	0.99.10	Ensembl BioMart hsapiens_gene_ensembl	https://www.ensembl.org/biomart/martservice
GCST90240186	13563-259	13563-259	ACBD7	Acyl-CoA-binding domain-containing protein 7 levels (ACBD7.13563.259.3)	acyl-CoA-binding domain-containing protein 7 measurement	http://www.ebi.ac.uk/efo/EFO_0801343	Acyl-CoA-binding domain-containing protein 7	414149	ENSG00000176244	ACBD7	10	15073038	15088802	-1	protein_coding	GRCh38	TRUE	FALSE	somascan_db_seqid	""	mapped_to_ensembl	SomaScan.db	0.99.10	Ensembl BioMart hsapiens_gene_ensembl	https://www.ensembl.org/biomart/martservice
GCST90240187	12812-25	12812-25	ACYP2	Acylphosphatase-2 levels (ACYP2.12812.25.3)	acylphosphatase-2 measurement	http://www.ebi.ac.uk/efo/EFO_0801344	Acylphosphatase-2	98	ENSG00000170634	ACYP2	2	53970838	54305829	1	protein_coding	GRCh38	TRUE	FALSE	somascan_db_seqid	""	mapped_to_ensembl	SomaScan.db	0.99.10	Ensembl BioMart hsapiens_gene_ensembl	https://www.ensembl.org/biomart/martservice
GCST90240188	6575-79	6575-79	ADAMTSL1	ADAMTS-like protein 1 levels (ADAMTSL1.6575.79.3)	ADAMTS-like protein 1 measurement	http://www.ebi.ac.uk/efo/EFO_0802254	ADAMTS-like protein 1	92949	ENSG00000178031	ADAMTSL1	9	17906563	18910950	1	protein_coding	GRCh38	TRUE	FALSE	somascan_db_seqid	""	mapped_to_ensembl	SomaScan.db	0.99.10	Ensembl BioMart hsapiens_gene_ensembl	https://www.ensembl.org/biomart/martservice
GCST90240189	4976-57	4976-57	CRK	Adapter molecule crk levels (CRK.4976.57.1)	adapter molecule CRK measurement	http://www.ebi.ac.uk/efo/EFO_0020128	Adapter molecule crk	1398	ENSG00000167193	CRK	17	1420689	1463162	-1	protein_coding	GRCh38	TRUE	FALSE	somascan_db_seqid	""	mapped_to_ensembl	SomaScan.db	0.99.10	Ensembl BioMart hsapiens_gene_ensembl	https://www.ensembl.org/biomart/martservice
GCST90240190	10660-33		SLC35B3	Adenosine 3'-phospho 5'-phosphosulfate transporter 2 levels (SLC35B3.10660.33.3)	adenosine 3'-phospho 5'-phosphosulfate transporter 2 measurement	http://www.ebi.ac.uk/efo/EFO_0802255			ENSG00000124786	SLC35B3	6	8411435	8435983	-1	protein_coding	GRCh38	TRUE	FALSE	ensembl_hgnc_symbol	source SeqId absent from current SomaScan.db; coordinate resolved by matching GWAS Catalog trait symbol to Ensembl HGNC symbol	mapped_to_ensembl	GWAS Catalog trait symbol		Ensembl BioMart hsapiens_gene_ensembl	https://www.ensembl.org/biomart/martservice
GCST90240191	6077-63	6077-63	CECR1	Adenosine deaminase CECR1 levels (CECR1.6077.63.3)	adenosine deaminase measurement	http://www.ebi.ac.uk/efo/EFO_0010761	Adenosine deaminase CECR1	51816	ENSG00000093072	ADA2	22	17178790	17258235	-1	protein_coding	GRCh38	TRUE	FALSE	somascan_db_seqid	""	mapped_to_ensembl	SomaScan.db	0.99.10	Ensembl BioMart hsapiens_gene_ensembl	https://www.ensembl.org/biomart/martservice
GCST90240192	5012-67	5012-67	AK1	Adenylate kinase isoenzyme 1 levels (AK1.5012.67.1)	adenylate kinase isoenzyme 1 measurement	http://www.ebi.ac.uk/efo/EFO_0020129	Adenylate kinase isoenzyme 1	203	ENSG00000106992	AK1	9	127866435	127878558	-1	protein_coding	GRCh38	TRUE	FALSE	somascan_db_seqid	""	mapped_to_ensembl	SomaScan.db	0.99.10	Ensembl BioMart hsapiens_gene_ensembl	https://www.ensembl.org/biomart/martservice
GCST90240193	13998-26	13998-26	ADSSL1	Adenylosuccinate synthetase isozyme 1 levels (ADSSL1.13998.26.3)	adenylosuccinate synthetase isozyme 1 measurement	http://www.ebi.ac.uk/efo/EFO_0802256	Adenylosuccinate synthetase isozyme 1	122622	ENSG00000185100	ADSS1	14	104724174	104747523	1	protein_coding	GRCh38	TRUE	FALSE	somascan_db_seqid	""	mapped_to_ensembl	SomaScan.db	0.99.10	Ensembl BioMart hsapiens_gene_ensembl	https://www.ensembl.org/biomart/martservice
GCST90240194	12644-63	12644-63	ADSS	Adenylosuccinate synthetase isozyme 2 levels (ADSS.12644.63.3)	adenylosuccinate synthetase isozyme 2 measurement	http://www.ebi.ac.uk/efo/EFO_0801345	Adenylosuccinate synthetase isozyme 2	159	ENSG00000035687	ADSS2	1	244407274	244452102	-1	protein_coding	GRCh38	TRUE	FALSE	somascan_db_seqid	""	mapped_to_ensembl	SomaScan.db	0.99.10	Ensembl BioMart hsapiens_gene_ensembl	https://www.ensembl.org/biomart/martservice
GCST90240195	14229-5	14229-5	MOCS3	Adenylyltransferase and sulfurtransferase MOCS3 levels (MOCS3.14229.5.3)	adenylyltransferase and sulfurtransferase MOCS3 measurement	http://www.ebi.ac.uk/efo/EFO_0802257	Adenylyltransferase and sulfurtransferase MOCS3	27304	ENSG00000124217	MOCS3	20	50958818	50963929	1	protein_coding	GRCh38	TRUE	FALSE	somascan_db_seqid	""	mapped_to_ensembl	SomaScan.db	0.99.10	Ensembl BioMart hsapiens_gene_ensembl	https://www.ensembl.org/biomart/martservice
GCST90240196	6409-57	6409-57	ADGRF5	Adhesion G protein-coupled receptor F5 levels (ADGRF5.6409.57.3)	adhesion G protein-coupled receptor F5 measurement	http://www.ebi.ac.uk/efo/EFO_0801346	Adhesion G protein-coupled receptor F5	221395	ENSG00000069122	ADGRF5	6	46852310	46956392	-1	protein_coding	GRCh38	TRUE	FALSE	somascan_db_seqid	""	mapped_to_ensembl	SomaScan.db	0.99.10	Ensembl BioMart hsapiens_gene_ensembl	https://www.ensembl.org/biomart/martservice
GCST90240197	11243-90	11243-90	ADGRF1	Adhesion G-protein coupled receptor F1 levels (ADGRF1.11243.90.3)	adhesion G-protein coupled receptor F1 measurement	http://www.ebi.ac.uk/efo/EFO_0801347	Adhesion G-protein coupled receptor F1	266977	ENSG00000153292	ADGRF1	6	46997708	47042368	-1	protein_coding	GRCh38	TRUE	FALSE	somascan_db_seqid	""	mapped_to_ensembl	SomaScan.db	0.99.10	Ensembl BioMart hsapiens_gene_ensembl	https://www.ensembl.org/biomart/martservice
GCST90240198	4551-72	4551-72	ADGRG5	Adhesion G-protein coupled receptor G5 levels (ADGRG5.4551.72.3)	adhesion G-protein coupled receptor G5 measurement	http://www.ebi.ac.uk/efo/EFO_0021980	Adhesion G-protein coupled receptor G5	221188	ENSG00000159618	ADGRG5	16	57528585	57591681	1	protein_coding	GRCh38	TRUE	FALSE	somascan_db_seqid	""	mapped_to_ensembl	SomaScan.db	0.99.10	Ensembl BioMart hsapiens_gene_ensembl	https://www.ensembl.org/biomart/martservice
GCST90240199	10605-22	10605-22	APMAP	Adipocyte plasma membrane-associated protein levels (APMAP.10605.22.3)	adipocyte plasma membrane-associated protein measurement	http://www.ebi.ac.uk/efo/EFO_0801348	Adipocyte plasma membrane-associated protein	57136	ENSG00000101474	APMAP	20	24962924	24992784	-1	protein_coding	GRCh38	TRUE	FALSE	somascan_db_seqid	""	mapped_to_ensembl	SomaScan.db	0.99.10	Ensembl BioMart hsapiens_gene_ensembl	https://www.ensembl.org/biomart/martservice
GCST90240200	6221-1	6221-1	ADPGK	ADP-dependent glucokinase levels (ADPGK.6221.1.3)	ADP-dependent glucokinase measurement	http://www.ebi.ac.uk/efo/EFO_0802258	ADP-dependent glucokinase	83440	ENSG00000159322	ADPGK	15	72735951	72785846	-1	protein_coding	GRCh38	TRUE	FALSE	somascan_db_seqid	""	mapped_to_ensembl	SomaScan.db	0.99.10	Ensembl BioMart hsapiens_gene_ensembl	https://www.ensembl.org/biomart/martservice
GCST90240201	9482-110	9482-110	NUDT9	ADP-ribose pyrophosphatase, mitochondrial levels (NUDT9.9482.110.3)	ADP-ribose pyrophosphatase, mitochondrial measurement	http://www.ebi.ac.uk/efo/EFO_0801349	ADP-ribose pyrophosphatase, mitochondrial	53343	ENSG00000170502	NUDT9	4	87422573	87459455	1	protein_coding	GRCh38	TRUE	FALSE	somascan_db_seqid	""	mapped_to_ensembl	SomaScan.db	0.99.10	Ensembl BioMart hsapiens_gene_ensembl	https://www.ensembl.org/biomart/martservice
GCST90240202	11505-1	11513-92	CD38	ADP-ribosyl cyclase/cyclic ADP-ribose hydrolase 1 levels (CD38.11505.1.3)	ADP-ribosyl cyclase/cyclic ADP-ribose hydrolase 1 measurement	http://www.ebi.ac.uk/efo/EFO_0021923	ADP-ribosyl cyclase/cyclic ADP-ribose hydrolase 1	952	ENSG00000004468	CD38	4	15778275	15853232	1	protein_coding	GRCh38	TRUE	FALSE	somascan_db_gene_name	source SeqId absent from current SomaScan.db; coordinate resolved by matching GWAS Catalog trait symbol to SomaScan.db gene_name	mapped_to_ensembl	SomaScan.db	0.99.10	Ensembl BioMart hsapiens_gene_ensembl	https://www.ensembl.org/biomart/martservice
GCST90240202	11505-1	7174-15	CD38	ADP-ribosyl cyclase/cyclic ADP-ribose hydrolase 1 levels (CD38.11505.1.3)	ADP-ribosyl cyclase/cyclic ADP-ribose hydrolase 1 measurement	http://www.ebi.ac.uk/efo/EFO_0021923	ADP-ribosyl cyclase/cyclic ADP-ribose hydrolase 1	952	ENSG00000004468	CD38	4	15778275	15853232	1	protein_coding	GRCh38	TRUE	FALSE	somascan_db_gene_name	source SeqId absent from current SomaScan.db; coordinate resolved by matching GWAS Catalog trait symbol to SomaScan.db gene_name	mapped_to_ensembl	SomaScan.db	0.99.10	Ensembl BioMart hsapiens_gene_ensembl	https://www.ensembl.org/biomart/martservice
GCST90240203	11513-92	11513-92	CD38	ADP-ribosyl cyclase/cyclic ADP-ribose hydrolase 1 levels (CD38.11513.92.3)	ADP-ribosyl cyclase/cyclic ADP-ribose hydrolase 1 measurement	http://www.ebi.ac.uk/efo/EFO_0021923	ADP-ribosyl cyclase/cyclic ADP-ribose hydrolase 1	952	ENSG00000004468	CD38	4	15778275	15853232	1	protein_coding	GRCh38	TRUE	FALSE	somascan_db_seqid	""	mapped_to_ensembl	SomaScan.db	0.99.10	Ensembl BioMart hsapiens_gene_ensembl	https://www.ensembl.org/biomart/martservice
GCST90240204	4535-50	4535-50	BST1	ADP-ribosyl cyclase/cyclic ADP-ribose hydrolase 2 levels (BST1.4535.50.2)	ADP-ribosyl cyclase/cyclic ADP-ribose hydrolase 2 measurement	http://www.ebi.ac.uk/efo/EFO_0008014	ADP-ribosyl cyclase/cyclic ADP-ribose hydrolase 2	683	ENSG00000109743	BST1	4	15702993	15775614	1	protein_coding	GRCh38	TRUE	FALSE	somascan_db_seqid	""	mapped_to_ensembl	SomaScan.db	0.99.10	Ensembl BioMart hsapiens_gene_ensembl	https://www.ensembl.org/biomart/martservice
GCST90240205	12578-13	12578-13	ARF3	ADP-ribosylation factor 3 levels (ARF3.12578.13.3)	ADP-ribosylation factor 3 measurement	http://www.ebi.ac.uk/efo/EFO_0802259	ADP-ribosylation factor 3	377	ENSG00000134287	ARF3	12	48903141	48957531	-1	protein_coding	GRCh38	TRUE	FALSE	somascan_db_seqid	""	mapped_to_ensembl	SomaScan.db	0.99.10	Ensembl BioMart hsapiens_gene_ensembl	https://www.ensembl.org/biomart/martservice
GCST90240206	12425-104	12425-104	ARF6	ADP-ribosylation factor 6 levels (ARF6.12425.104.3)	ADP-ribosylation factor 6 measurement	http://www.ebi.ac.uk/efo/EFO_0801350	ADP-ribosylation factor 6	382	ENSG00000165527	ARF6	14	49892608	49897202	1	protein_coding	GRCh38	TRUE	FALSE	somascan_db_seqid	""	mapped_to_ensembl	SomaScan.db	0.99.10	Ensembl BioMart hsapiens_gene_ensembl	https://www.ensembl.org/biomart/martservice
GCST90240207	11664-32	11664-32	ARFGAP2	ADP-ribosylation factor GTPase-activating protein 2 levels (ARFGAP2.11664.32.3)	ADP-ribosylation factor GTPase-activating protein 2 measurement	http://www.ebi.ac.uk/efo/EFO_0801351	ADP-ribosylation factor GTPase-activating protein 2	84364	ENSG00000149182	ARFGAP2	11	47135667	47177474	-1	protein_coding	GRCh38	TRUE	FALSE	somascan_db_seqid	""	mapped_to_ensembl	SomaScan.db	0.99.10	Ensembl BioMart hsapiens_gene_ensembl	https://www.ensembl.org/biomart/martservice
GCST90240208	13594-158	13594-158	GGA1	ADP-ribosylation factor-binding protein GGA1 levels (GGA1.13594.158.3)	ADP-ribosylation factor-binding protein GGA1 measurement	http://www.ebi.ac.uk/efo/EFO_0801352	ADP-ribosylation factor-binding protein GGA1	26088	ENSG00000100083	GGA1	22	37608474	37633564	1	protein_coding	GRCh38	TRUE	FALSE	somascan_db_seqid	""	mapped_to_ensembl	SomaScan.db	0.99.10	Ensembl BioMart hsapiens_gene_ensembl	https://www.ensembl.org/biomart/martservice
GCST90240209	11683-19	11683-19	GGA3	ADP-ribosylation factor-binding protein GGA3 levels (GGA3.11683.19.3)	ADP-ribosylation factor-binding protein GGA3 measurement	http://www.ebi.ac.uk/efo/EFO_0801353	ADP-ribosylation factor-binding protein GGA3	23163	ENSG00000125447	GGA3	17	75236595	75262363	-1	protein_coding	GRCh38	TRUE	FALSE	somascan_db_seqid	""	mapped_to_ensembl	SomaScan.db	0.99.10	Ensembl BioMart hsapiens_gene_ensembl	https://www.ensembl.org/biomart/martservice
GCST90240210	12392-30	12392-30	ARL1	ADP-ribosylation factor-like protein 1 levels (ARL1.12392.30.3)	ADP-ribosylation factor-like protein 1 measurement	http://www.ebi.ac.uk/efo/EFO_0801354	ADP-ribosylation factor-like protein 1	400	ENSG00000120805	ARL1	12	101365309	101407794	-1	protein_coding	GRCh38	TRUE	FALSE	somascan_db_seqid	""	mapped_to_ensembl	SomaScan.db	0.99.10	Ensembl BioMart hsapiens_gene_ensembl	https://www.ensembl.org/biomart/martservice
GCST90240211	12433-8	12433-8	ARL11	ADP-ribosylation factor-like protein 11 levels (ARL11.12433.8.3)	ADP-ribosylation factor-like protein 11 measurement	http://www.ebi.ac.uk/efo/EFO_0801355	ADP-ribosylation factor-like protein 11	115761	ENSG00000152213	ARL11	13	49628464	49634842	1	protein_coding	GRCh38	TRUE	FALSE	somascan_db_seqid	""	mapped_to_ensembl	SomaScan.db	0.99.10	Ensembl BioMart hsapiens_gene_ensembl	https://www.ensembl.org/biomart/martservice
GCST90240212	12571-14	12571-14	ARL3	ADP-ribosylation factor-like protein 3 levels (ARL3.12571.14.3)	ADP-ribosylation factor-like protein 3 measurement	http://www.ebi.ac.uk/efo/EFO_0801356	ADP-ribosylation factor-like protein 3	403	ENSG00000138175	ARL3	10	102673731	102714527	-1	protein_coding	GRCh38	TRUE	FALSE	somascan_db_seqid	""	mapped_to_ensembl	SomaScan.db	0.99.10	Ensembl BioMart hsapiens_gene_ensembl	https://www.ensembl.org/biomart/martservice
GCST90240213	14115-34	14115-34	ADM	Adrenomedullin levels (ADM.14115.34.3)	adrenomedullin measurement	http://www.ebi.ac.uk/efo/EFO_0010909	Adrenomedullin	133	ENSG00000148926	ADM	11	10303008	10307397	1	protein_coding	GRCh38	TRUE	FALSE	somascan_db_seqid	""	mapped_to_ensembl	SomaScan.db	0.99.10	Ensembl BioMart hsapiens_gene_ensembl	https://www.ensembl.org/biomart/martservice
GCST90240214	12684-5	12684-5	SCIN	Adseverin levels (SCIN.12684.5.3)	adseverin measurement	http://www.ebi.ac.uk/efo/EFO_0801358	Adseverin	85477	ENSG00000006747	SCIN	7	12570577	12660182	1	protein_coding	GRCh38	TRUE	FALSE	somascan_db_seqid	""	mapped_to_ensembl	SomaScan.db	0.99.10	Ensembl BioMart hsapiens_gene_ensembl	https://www.ensembl.org/biomart/martservice
GCST90240215	4125-52	4125-52	AGER	Advanced glycosylation end product-specific receptor, soluble levels (AGER.4125.52.2)	advanced glycosylation end product-specific receptor amount	http://purl.obolibrary.org/obo/OBA_2050267	Advanced glycosylation end product-specific receptor, soluble	177	ENSG00000204305	AGER	6	32180963	32184365	-1	protein_coding	GRCh38	TRUE	TRUE	somascan_db_seqid	""	mapped_to_ensembl	SomaScan.db	0.99.10	Ensembl BioMart hsapiens_gene_ensembl	https://www.ensembl.org/biomart/martservice
GCST90240216	3280-49	3280-49	ACAN	Aggrecan core protein levels (ACAN.3280.49.2)	aggrecan core protein measurement	http://www.ebi.ac.uk/efo/EFO_0020133	Aggrecan core protein	176	ENSG00000157766	ACAN	15	88803427	88875353	1	protein_coding	GRCh38	TRUE	FALSE	somascan_db_seqid	""	mapped_to_ensembl	SomaScan.db	0.99.10	Ensembl BioMart hsapiens_gene_ensembl	https://www.ensembl.org/biomart/martservice
GCST90240217	2813-11	2813-11	AGRP	Agouti-related protein levels (AGRP.2813.11.2)	Agouti-related protein measurement	http://www.ebi.ac.uk/efo/EFO_0008016	Agouti-related protein	181	ENSG00000159723	AGRP	16	67482571	67483552	-1	protein_coding	GRCh38	TRUE	FALSE	somascan_db_seqid	""	mapped_to_ensembl	SomaScan.db	0.99.10	Ensembl BioMart hsapiens_gene_ensembl	https://www.ensembl.org/biomart/martservice
GCST90240218	5676-54	5676-54	ASIP	Agouti-signaling protein levels (ASIP.5676.54.3)	Agouti-signaling protein measurement	http://www.ebi.ac.uk/efo/EFO_0801357	Agouti-signaling protein	434	ENSG00000101440	ASIP	20	34194569	34269346	1	protein_coding	GRCh38	TRUE	FALSE	somascan_db_seqid	""	mapped_to_ensembl	SomaScan.db	0.99.10	Ensembl BioMart hsapiens_gene_ensembl	https://www.ensembl.org/biomart/martservice
