analysis_id	status	error	attempt	retry_count	source_url	downloaded_bytes	input_rows	retained_rows	retained_fraction	cis_rows	significant_trans_regions	significant_trans_rows	suggestive_leads	output_file	output_bytes	checksum_algorithm	checksum	download_seconds	filter_seconds	total_seconds
GCST005806	ok		1	0	http://ftp.ebi.ac.uk/pub/databases/gwas/summary_statistics/GCST005001-GCST006000/GCST005806/harmonised/GCST005806.h.tsv.gz	305300835	10042828	14894	0.001483	8419	1	6445	30	/data/opengwasdb/pqtl-interval-2018/releases/2018-sun-pilot-100/filtered/PDK1_GCST005806.filtered.tsv.gz	249117	sha256	0087f5d4d146f37089cda7c6e5e7b3c16e96057d5a724836c6a123a3a50861bd	10.5	30	40.5
GCST90240120	ok		1	0	http://ftp.ebi.ac.uk/pub/databases/gwas/summary_statistics/GCST90240001-GCST90241000/GCST90240120/harmonised/GCST90240120.h.tsv.gz	305307366	10042828	6384	0.000636	6355	0	0	29	/data/opengwasdb/pqtl-interval-2018/releases/2018-sun-pilot-100/filtered/PDK2_GCST90240120.filtered.tsv.gz	106897	sha256	da4423e1bda0e378ba63a483b88bd492a1e80b70c92457b19c4e6295ff7be426	10.7	24.3	35
GCST90240121	ok		1	0	http://ftp.ebi.ac.uk/pub/databases/gwas/summary_statistics/GCST90240001-GCST90241000/GCST90240121/harmonised/GCST90240121.h.tsv.gz	305411655	10042828	17667	0.001759	6997	1	10625	45	/data/opengwasdb/pqtl-interval-2018/releases/2018-sun-pilot-100/filtered/PLCG1_GCST90240121.filtered.tsv.gz	289215	sha256	8ac59ccc0b807ed94a62269dff8e81cddc025bc5ae84bcd9666bc09e1c9d698e	9.8	25.4	35.2
GCST90240122	ok		1	0	http://ftp.ebi.ac.uk/pub/databases/gwas/summary_statistics/GCST90240001-GCST90241000/GCST90240122/harmonised/GCST90240122.h.tsv.gz	305360995	10042828	9535	0.000949	9506	0	0	29	/data/opengwasdb/pqtl-interval-2018/releases/2018-sun-pilot-100/filtered/YWHAE_GCST90240122.filtered.tsv.gz	157367	sha256	99673eb1f5a50f76567743dfba97e8e6960c4f28bd25f6ff9e0e0221027b34cb	9.6	22.8	32.3
GCST90240123	ok		1	0	http://ftp.ebi.ac.uk/pub/databases/gwas/summary_statistics/GCST90240001-GCST90241000/GCST90240123/harmonised/GCST90240123.h.tsv.gz	305353264	10042828	19018	0.001894	8293	1	10697	28	/data/opengwasdb/pqtl-interval-2018/releases/2018-sun-pilot-100/filtered/YWHAH_GCST90240123.filtered.tsv.gz	310735	sha256	0e5164095ced35b4136b016ccbd3361fbfbf48d22c110d8a91180ea2eba1476c	10.5	22.4	32.9
GCST90240124	ok		1	0	http://ftp.ebi.ac.uk/pub/databases/gwas/summary_statistics/GCST90240001-GCST90241000/GCST90240124/harmonised/GCST90240124.h.tsv.gz	305321374	10042828	23551	0.002345	4830	2	18691	30	/data/opengwasdb/pqtl-interval-2018/releases/2018-sun-pilot-100/filtered/SFN_GCST90240124.filtered.tsv.gz	386513	sha256	708f1a1f4a77f3d1ce4794be2072eeaae184c7e908bde4964a0d620f8ed2cf53	10	24.3	34.2
GCST90240125	ok		1	0	http://ftp.ebi.ac.uk/pub/databases/gwas/summary_statistics/GCST90240001-GCST90241000/GCST90240125/harmonised/GCST90240125.h.tsv.gz	305380197	10042828	8142	0.000811	8105	0	0	37	/data/opengwasdb/pqtl-interval-2018/releases/2018-sun-pilot-100/filtered/YWHAQ_GCST90240125.filtered.tsv.gz	132397	sha256	513c9dcb14b1270ab7f78a1161f9dc4b9118cb6944b67181d5e6bd68c88557b2	10	25.3	35.3
GCST90240126	ok		1	0	http://ftp.ebi.ac.uk/pub/databases/gwas/summary_statistics/GCST90240001-GCST90241000/GCST90240126/harmonised/GCST90240126.h.tsv.gz	305366056	10042828	23662	0.002356	6572	2	17050	40	/data/opengwasdb/pqtl-interval-2018/releases/2018-sun-pilot-100/filtered/YWHAZ_GCST90240126.filtered.tsv.gz	388667	sha256	6f2c7c1f71d7c1f0e262e1421731343a131088cc8bba1b81ebfc6652ff0219a1	9.6	22.6	32.2
GCST90240127	ok		1	0	http://ftp.ebi.ac.uk/pub/databases/gwas/summary_statistics/GCST90240001-GCST90241000/GCST90240127/harmonised/GCST90240127.h.tsv.gz	305431156	10042828	29364	0.002924	8238	2	21089	37	/data/opengwasdb/pqtl-interval-2018/releases/2018-sun-pilot-100/filtered/HPGD_GCST90240127.filtered.tsv.gz	480675	sha256	1df4a34b4f543c3b5a50175c4ab5aa93ed4b5966308f01d26249e89eae00d197	9.3	23.2	32.6
GCST90240128	ok		1	0	http://ftp.ebi.ac.uk/pub/databases/gwas/summary_statistics/GCST90240001-GCST90241000/GCST90240128/harmonised/GCST90240128.h.tsv.gz	305457076	10042828	50586	0.005037	8360	1	42184	42	/data/opengwasdb/pqtl-interval-2018/releases/2018-sun-pilot-100/filtered/HSD17B14_GCST90240128.filtered.tsv.gz	771775	sha256	5df750aae44663a3c096e8e03f202f9c1e64dca605f677ded6bc2736d4c23ba1	7	24.5	31.6
GCST90240129	ok		1	0	http://ftp.ebi.ac.uk/pub/databases/gwas/summary_statistics/GCST90240001-GCST90241000/GCST90240129/harmonised/GCST90240129.h.tsv.gz	305401014	10042828	39903	0.003973	7429	2	32444	30	/data/opengwasdb/pqtl-interval-2018/releases/2018-sun-pilot-100/filtered/PXYLP1_GCST90240129.filtered.tsv.gz	618831	sha256	6045ec5e99ca5a5e3ed8b83c6b1e0b9988dbb9acbd03bdbf5ea20319abcedf0a	9.6	25.2	34.8
GCST90240130	ok		1	0	http://ftp.ebi.ac.uk/pub/databases/gwas/summary_statistics/GCST90240001-GCST90241000/GCST90240130/harmonised/GCST90240130.h.tsv.gz	305418684	10042828	16429	0.001636	5755	1	10625	49	/data/opengwasdb/pqtl-interval-2018/releases/2018-sun-pilot-100/filtered/OAS1_GCST90240130.filtered.tsv.gz	269402	sha256	e65c2b9441cd646cfd1a486ae7f81a864416e8c1ba96607a267a3b485d3d8534	9.7	24.6	34.3
GCST90240131	ok		1	0	http://ftp.ebi.ac.uk/pub/databases/gwas/summary_statistics/GCST90240001-GCST90241000/GCST90240131/harmonised/GCST90240131.h.tsv.gz	305316945	10042828	5980	0.000595	5941	0	0	39	/data/opengwasdb/pqtl-interval-2018/releases/2018-sun-pilot-100/filtered/CNP_GCST90240131.filtered.tsv.gz	98840	sha256	11576b7583e382d2b0f1f9c16ffd2663e0c519033c6c438ca175c7753675ae17	9.4	23.6	32.9
GCST90240132	ok		1	0	http://ftp.ebi.ac.uk/pub/databases/gwas/summary_statistics/GCST90240001-GCST90241000/GCST90240132/harmonised/GCST90240132.h.tsv.gz	195865977	10049901	15844	0.001577	8364	1	7448	32	/data/opengwasdb/pqtl-interval-2018/releases/2018-sun-pilot-100/filtered/PSMD1_GCST90240132.filtered.tsv.gz	262830	sha256	f12c771b38c9fd52fce602a61d30dfaa66438dad9955a82fde0d4c6b9ca88dbf	8.2	21.3	29.5
GCST90240133	ok		1	0	http://ftp.ebi.ac.uk/pub/databases/gwas/summary_statistics/GCST90240001-GCST90241000/GCST90240133/harmonised/GCST90240133.h.tsv.gz	305306204	10042828	6945	0.000692	6909	0	0	36	/data/opengwasdb/pqtl-interval-2018/releases/2018-sun-pilot-100/filtered/PSMD11_GCST90240133.filtered.tsv.gz	115288	sha256	b18fe9808acc1c46133dad9c65965e96a48e7833dbf016961e1633d2fd6559f9	9.5	24.8	34.3
GCST90240134	ok		1	0	http://ftp.ebi.ac.uk/pub/databases/gwas/summary_statistics/GCST90240001-GCST90241000/GCST90240134/harmonised/GCST90240134.h.tsv.gz	305378555	10042828	5369	0.000535	5337	0	0	32	/data/opengwasdb/pqtl-interval-2018/releases/2018-sun-pilot-100/filtered/PSMD4_GCST90240134.filtered.tsv.gz	88758	sha256	f729bc86e20c8d41ff07b6006e1940d70836ce537427ac3fb5aae62c311c5bf6	10.8	23.8	34.7
GCST90240135	ok		1	0	http://ftp.ebi.ac.uk/pub/databases/gwas/summary_statistics/GCST90240001-GCST90241000/GCST90240135/harmonised/GCST90240135.h.tsv.gz	305351762	10042828	25592	0.002548	5345	3	20204	43	/data/opengwasdb/pqtl-interval-2018/releases/2018-sun-pilot-100/filtered/PSMD5_GCST90240135.filtered.tsv.gz	421273	sha256	c2b2cb9ad6d52d2c84af7f81c281511dbc4838ed02a921843593b1d8b3d19863	9.9	23.6	33.5
GCST90240136	ok		1	0	http://ftp.ebi.ac.uk/pub/databases/gwas/summary_statistics/GCST90240001-GCST90241000/GCST90240136/harmonised/GCST90240136.h.tsv.gz	305327908	10042828	8293	0.000826	8262	0	0	31	/data/opengwasdb/pqtl-interval-2018/releases/2018-sun-pilot-100/filtered/PSMD7_GCST90240136.filtered.tsv.gz	138341	sha256	1f098d36f0995716ed1be6bcafd7d87ca3e9c9f64728a2e3e3fcf11db1d7dfd8	10.2	23.2	33.3
GCST90240137	ok		1	0	http://ftp.ebi.ac.uk/pub/databases/gwas/summary_statistics/GCST90240001-GCST90241000/GCST90240137/harmonised/GCST90240137.h.tsv.gz	305244337	10042828	7239	0.000721	7194	0	0	45	/data/opengwasdb/pqtl-interval-2018/releases/2018-sun-pilot-100/filtered/HMGCR_GCST90240137.filtered.tsv.gz	118092	sha256	8415bf68bd123692eaa02133d94e39b799d27c90263023814f80b0168c690440	10.2	23.4	33.7
GCST90240138	ok		1	0	http://ftp.ebi.ac.uk/pub/databases/gwas/summary_statistics/GCST90240001-GCST90241000/GCST90240138/harmonised/GCST90240138.h.tsv.gz	305457905	10042828	32	3e-06	0	0	0	32	/data/opengwasdb/pqtl-interval-2018/releases/2018-sun-pilot-100/filtered/HSD17B10_GCST90240138.filtered.tsv.gz	957	sha256	0cc8b853aa8d9da11c795e094bef23b45301807cd3256eef9f7c9d6bcbb3ff78	10.4	28.1	38.6
GCST90240139	ok		1	0	http://ftp.ebi.ac.uk/pub/databases/gwas/summary_statistics/GCST90240001-GCST90241000/GCST90240139/harmonised/GCST90240139.h.tsv.gz	305331785	10042828	37486	0.003733	8127	4	29320	39	/data/opengwasdb/pqtl-interval-2018/releases/2018-sun-pilot-100/filtered/HAAO_GCST90240139.filtered.tsv.gz	616516	sha256	064366ae71f22d68e2dec47f1d1815fdf914c485e31addfcc106b182a8758c6a	10.5	25	35.5
GCST90240140	ok		1	0	http://ftp.ebi.ac.uk/pub/databases/gwas/summary_statistics/GCST90240001-GCST90241000/GCST90240140/harmonised/GCST90240140.h.tsv.gz	305291025	10042828	16687	0.001662	7939	1	8720	28	/data/opengwasdb/pqtl-interval-2018/releases/2018-sun-pilot-100/filtered/MPST_GCST90240140.filtered.tsv.gz	266989	sha256	48108a59c5d4bffe79e3b6e52ccb57259cd9d89b1a64b7222bb015630274b1f4	10.5	22.9	33.4
GCST90240141	ok		1	0	http://ftp.ebi.ac.uk/pub/databases/gwas/summary_statistics/GCST90240001-GCST90241000/GCST90240141/harmonised/GCST90240141.h.tsv.gz	305430759	10042828	12266	0.001221	7452	1	4775	39	/data/opengwasdb/pqtl-interval-2018/releases/2018-sun-pilot-100/filtered/MRPL14_GCST90240141.filtered.tsv.gz	203991	sha256	131416d1cad105c1bc31d944d2356499a93f0241fda6d13b016186a0a40d1cd0	10.2	21.5	31.6
GCST90240142	ok		1	0	http://ftp.ebi.ac.uk/pub/databases/gwas/summary_statistics/GCST90240001-GCST90241000/GCST90240142/harmonised/GCST90240142.h.tsv.gz	305356590	10042828	7737	0.00077	7702	0	0	35	/data/opengwasdb/pqtl-interval-2018/releases/2018-sun-pilot-100/filtered/MRPL32_GCST90240142.filtered.tsv.gz	127098	sha256	399dad29a34a4437d729091b548d4250d142d443a95a4275974f8dcbe1dec001	10.3	21.1	31.4
GCST90240143	ok		1	0	http://ftp.ebi.ac.uk/pub/databases/gwas/summary_statistics/GCST90240001-GCST90241000/GCST90240143/harmonised/GCST90240143.h.tsv.gz	305382703	10042828	16099	0.001603	5624	1	10442	33	/data/opengwasdb/pqtl-interval-2018/releases/2018-sun-pilot-100/filtered/MRPL33_GCST90240143.filtered.tsv.gz	267483	sha256	537bb1d1b2ab812dae2d19d437dedbaa315a74c8b06a29005491791dab069bec	10.3	20.5	30.8
GCST90240144	ok		1	0	http://ftp.ebi.ac.uk/pub/databases/gwas/summary_statistics/GCST90240001-GCST90241000/GCST90240144/harmonised/GCST90240144.h.tsv.gz	305350830	10042828	18437	0.001836	7895	1	10510	32	/data/opengwasdb/pqtl-interval-2018/releases/2018-sun-pilot-100/filtered/MRPL34_GCST90240144.filtered.tsv.gz	301997	sha256	f32e31e942bd9f86e44a3f602cd2d09231a17524a9ebe1aa34bd805aa5915fec	10	20.8	30.7
GCST90240145	ok		1	0	http://ftp.ebi.ac.uk/pub/databases/gwas/summary_statistics/GCST90240001-GCST90241000/GCST90240145/harmonised/GCST90240145.h.tsv.gz	305318814	10042828	15256	0.001519	8279	1	6935	42	/data/opengwasdb/pqtl-interval-2018/releases/2018-sun-pilot-100/filtered/MRPL52_GCST90240145.filtered.tsv.gz	248445	sha256	9ddd6036287123f84b8df0cb0022aee107d1287cee92867eb72500136359a472	10.1	22.5	32.6
GCST90240146	ok		1	0	http://ftp.ebi.ac.uk/pub/databases/gwas/summary_statistics/GCST90240001-GCST90241000/GCST90240146/harmonised/GCST90240146.h.tsv.gz	305340349	10042828	6638	0.000661	6620	0	0	18	/data/opengwasdb/pqtl-interval-2018/releases/2018-sun-pilot-100/filtered/HOGA1_GCST90240146.filtered.tsv.gz	108231	sha256	bc4770206136124d170a76d0ddb633ab923fb57f86f2cf0bfcf1b28ae2debda7	10.3	24.8	35.1
GCST90240147	ok		1	0	http://ftp.ebi.ac.uk/pub/databases/gwas/summary_statistics/GCST90240001-GCST90241000/GCST90240147/harmonised/GCST90240147.h.tsv.gz	305404784	10042828	16725	0.001665	6158	1	10533	34	/data/opengwasdb/pqtl-interval-2018/releases/2018-sun-pilot-100/filtered/RPS3_GCST90240147.filtered.tsv.gz	273573	sha256	c698895d5ec376dddf3e80bdf9304207c92454e9de95c0924012b43d259391a2	10.2	23	33.2
GCST90240148	ok		1	0	http://ftp.ebi.ac.uk/pub/databases/gwas/summary_statistics/GCST90240001-GCST90241000/GCST90240148/harmonised/GCST90240148.h.tsv.gz	305377685	10042828	16811	0.001674	6049	1	10730	32	/data/opengwasdb/pqtl-interval-2018/releases/2018-sun-pilot-100/filtered/RPS3A_GCST90240148.filtered.tsv.gz	275549	sha256	1b0acf0794de11508dac9d7cad03535e5ac2160c5ba7d5bd4442a4ac054b4da0	10.5	21.8	32.4
GCST90240149	ok		1	0	http://ftp.ebi.ac.uk/pub/databases/gwas/summary_statistics/GCST90240001-GCST90241000/GCST90240149/harmonised/GCST90240149.h.tsv.gz	305387747	10042828	17818	0.001774	0	2	17778	40	/data/opengwasdb/pqtl-interval-2018/releases/2018-sun-pilot-100/filtered/RPS4X_GCST90240149.filtered.tsv.gz	292038	sha256	a096a16f3b4577f7fea3eb85897c49ee9e9853b2983a26e0e89b602b49dbdcb1	10.2	27.1	37.3
GCST90240150	ok		1	0	http://ftp.ebi.ac.uk/pub/databases/gwas/summary_statistics/GCST90240001-GCST90241000/GCST90240150/harmonised/GCST90240150.h.tsv.gz	305404414	10042828	27137	0.002702	9324	2	17778	35	/data/opengwasdb/pqtl-interval-2018/releases/2018-sun-pilot-100/filtered/RPS7_GCST90240150.filtered.tsv.gz	443589	sha256	e0ed2e5ab157629f0f07041e73f4644647865777e95c01002dfd281fdbe7500f	10.2	25	35.1
GCST90240151	ok		1	0	http://ftp.ebi.ac.uk/pub/databases/gwas/summary_statistics/GCST90240001-GCST90241000/GCST90240151/harmonised/GCST90240151.h.tsv.gz	305404109	10042828	27136	0.002702	7488	2	19606	42	/data/opengwasdb/pqtl-interval-2018/releases/2018-sun-pilot-100/filtered/RPSA_GCST90240151.filtered.tsv.gz	444432	sha256	5e151e8f60d0226a3e61b7e77d98948ae95df5d67f064cc6d616570d5f1e7d25	11.4	24.7	36
GCST90240152	ok		1	0	http://ftp.ebi.ac.uk/pub/databases/gwas/summary_statistics/GCST90240001-GCST90241000/GCST90240152/harmonised/GCST90240152.h.tsv.gz	305376130	10042828	18841	0.001876	8093	1	10708	40	/data/opengwasdb/pqtl-interval-2018/releases/2018-sun-pilot-100/filtered/MTHFS_GCST90240152.filtered.tsv.gz	309209	sha256	f33f0d6fd437be19758b911ba3806c01a3cdaae1257d090c01e2fe545e6b9e88	10.5	23.8	34.3
GCST90240153	ok		1	0	http://ftp.ebi.ac.uk/pub/databases/gwas/summary_statistics/GCST90240001-GCST90241000/GCST90240153/harmonised/GCST90240153.h.tsv.gz	305311547	10042828	8769	0.000873	8736	0	0	33	/data/opengwasdb/pqtl-interval-2018/releases/2018-sun-pilot-100/filtered/NT5E_GCST90240153.filtered.tsv.gz	139295	sha256	a303440d4c008f9eca2404c80dacc473035885cc0fd4363b61c0c82f721f3a0f	10.2	23.9	34.1
GCST90240154	ok		1	0	http://ftp.ebi.ac.uk/pub/databases/gwas/summary_statistics/GCST90240001-GCST90241000/GCST90240154/harmonised/GCST90240154.h.tsv.gz	305374308	10042828	7363	0.000733	7328	0	0	35	/data/opengwasdb/pqtl-interval-2018/releases/2018-sun-pilot-100/filtered/NT5C_GCST90240154.filtered.tsv.gz	123200	sha256	5b0880fcfd3843acd7ebd12f17bb66008ad3fe5b1e7834834cc6d1bde028f96f	9.8	23.1	32.9
GCST90240155	ok		1	0	http://ftp.ebi.ac.uk/pub/databases/gwas/summary_statistics/GCST90240001-GCST90241000/GCST90240155/harmonised/GCST90240155.h.tsv.gz	305384517	10042828	14048	0.001399	6541	1	7470	37	/data/opengwasdb/pqtl-interval-2018/releases/2018-sun-pilot-100/filtered/PTS_GCST90240155.filtered.tsv.gz	227675	sha256	6b0a39c608701b80afea5019078a24261a115474b62e2cf2940150230a098a20	10.3	24.2	34.5
GCST90240156	ok		1	0	http://ftp.ebi.ac.uk/pub/databases/gwas/summary_statistics/GCST90240001-GCST90241000/GCST90240156/harmonised/GCST90240156.h.tsv.gz	305355668	10042828	8191	0.000816	8161	0	0	30	/data/opengwasdb/pqtl-interval-2018/releases/2018-sun-pilot-100/filtered/RPLP2_GCST90240156.filtered.tsv.gz	133397	sha256	6d412f7cd8e9d9a7e8066e10cb68cf78863f4ef6798cfeb7667097df520741d4	10.1	25.1	35.2
GCST90240157	ok		1	0	http://ftp.ebi.ac.uk/pub/databases/gwas/summary_statistics/GCST90240001-GCST90241000/GCST90240157/harmonised/GCST90240157.h.tsv.gz	305385246	10042828	16941	0.001687	6185	1	10729	27	/data/opengwasdb/pqtl-interval-2018/releases/2018-sun-pilot-100/filtered/RPL30_GCST90240157.filtered.tsv.gz	277611	sha256	ecac6c5bc5f5c5de7b14911db9137ae2b11eb6b58a3d1116229626484fe13e62	10.4	22.7	33.1
GCST90240158	ok		1	0	http://ftp.ebi.ac.uk/pub/databases/gwas/summary_statistics/GCST90240001-GCST90241000/GCST90240158/harmonised/GCST90240158.h.tsv.gz	305395952	10042828	14780	0.001472	7996	1	6733	51	/data/opengwasdb/pqtl-interval-2018/releases/2018-sun-pilot-100/filtered/INPP5E_GCST90240158.filtered.tsv.gz	243792	sha256	9c1d383e891ff5e5b1628f16df9220c802847d6b9e77ff38e03e46493c7534e2	10.5	25.6	36.1
GCST90240159	ok		1	0	http://ftp.ebi.ac.uk/pub/databases/gwas/summary_statistics/GCST90240001-GCST90241000/GCST90240159/harmonised/GCST90240159.h.tsv.gz	305418935	10042828	15659	0.001559	8460	1	7161	38	/data/opengwasdb/pqtl-interval-2018/releases/2018-sun-pilot-100/filtered/MMP2_GCST90240159.filtered.tsv.gz	253400	sha256	c3605c583a4b365b396b60ab153fa92c614bdcf7153dc8369c2ce4cad1b99213	10	23	33
GCST90240160	ok		1	0	http://ftp.ebi.ac.uk/pub/databases/gwas/summary_statistics/GCST90240001-GCST90241000/GCST90240160/harmonised/GCST90240160.h.tsv.gz	305411690	10042828	8385	0.000835	8354	0	0	31	/data/opengwasdb/pqtl-interval-2018/releases/2018-sun-pilot-100/filtered/ADAMTS1_GCST90240160.filtered.tsv.gz	134718	sha256	f5196e6f39bf248dac07b070485ab053ed91e5466f563257418ed54c84afd996	10.3	23	33.3
GCST90240161	ok		1	0	http://ftp.ebi.ac.uk/pub/databases/gwas/summary_statistics/GCST90240001-GCST90241000/GCST90240161/harmonised/GCST90240161.h.tsv.gz	305385691	10042828	16576	0.001651	9039	1	7506	31	/data/opengwasdb/pqtl-interval-2018/releases/2018-sun-pilot-100/filtered/ADAMTS13_GCST90240161.filtered.tsv.gz	271640	sha256	281d135737c0f84516b198ff7bc89ddbe3400b9d27b693d13f45f37dc01796eb	9.8	23.8	33.6
GCST90240162	ok		1	0	http://ftp.ebi.ac.uk/pub/databases/gwas/summary_statistics/GCST90240001-GCST90241000/GCST90240162/harmonised/GCST90240162.h.tsv.gz	305289748	10042828	8137	0.00081	8103	0	0	34	/data/opengwasdb/pqtl-interval-2018/releases/2018-sun-pilot-100/filtered/ADAMTS15_GCST90240162.filtered.tsv.gz	133791	sha256	18238c826d73acab2ec079a5364ed1251aa561bcbc26b36c1b6d6da689afacd6	8.3	24.5	32.8
GCST90240163	ok		1	0	http://ftp.ebi.ac.uk/pub/databases/gwas/summary_statistics/GCST90240001-GCST90241000/GCST90240163/harmonised/GCST90240163.h.tsv.gz	195911683	10049901	7661	0.000762	7622	0	0	39	/data/opengwasdb/pqtl-interval-2018/releases/2018-sun-pilot-100/filtered/ADAMTS3_GCST90240163.filtered.tsv.gz	125932	sha256	030914674df904f0f9050d985a625e64a2584af256e77ff2d834803289bc676e	9.2	22.7	32
GCST90240164	ok		1	0	http://ftp.ebi.ac.uk/pub/databases/gwas/summary_statistics/GCST90240001-GCST90241000/GCST90240164/harmonised/GCST90240164.h.tsv.gz	305354928	10042828	17989	0.001791	7415	1	10533	41	/data/opengwasdb/pqtl-interval-2018/releases/2018-sun-pilot-100/filtered/ADAMTS4_GCST90240164.filtered.tsv.gz	293698	sha256	f8157212b7bd5adac47d3cf79ea487ca75ba5ba43ef2cc7a2b7524f14130aa7e	9.7	23.5	33.1
GCST90240165	ok		1	0	http://ftp.ebi.ac.uk/pub/databases/gwas/summary_statistics/GCST90240001-GCST90241000/GCST90240165/harmonised/GCST90240165.h.tsv.gz	305310652	10042828	18929	0.001885	8541	1	10345	43	/data/opengwasdb/pqtl-interval-2018/releases/2018-sun-pilot-100/filtered/ADAMTS5_GCST90240165.filtered.tsv.gz	307322	sha256	fd93a28d8d53913b1931ceeae0edfa8e77d679fbb3d6849e4b59634746ab8057	9.9	23.3	33.1
GCST90240166	ok		1	0	http://ftp.ebi.ac.uk/pub/databases/gwas/summary_statistics/GCST90240001-GCST90241000/GCST90240166/harmonised/GCST90240166.h.tsv.gz	305311142	10042828	30932	0.00308	7183	3	23723	26	/data/opengwasdb/pqtl-interval-2018/releases/2018-sun-pilot-100/filtered/ADAMTS6_GCST90240166.filtered.tsv.gz	503767	sha256	7e7d2a496686ebe3992118df7a0e4bf0728eecae047c1ea29b0960152ca0f510	10.8	23.6	34.3
GCST90240167	ok		1	0	http://ftp.ebi.ac.uk/pub/databases/gwas/summary_statistics/GCST90240001-GCST90241000/GCST90240167/harmonised/GCST90240167.h.tsv.gz	305382643	10042828	5410	0.000539	5371	0	0	39	/data/opengwasdb/pqtl-interval-2018/releases/2018-sun-pilot-100/filtered/MUTYH_GCST90240167.filtered.tsv.gz	88464	sha256	fb34394d254c199e0862de2df4209be5119b5b54135810b5b1f81e96626ad151	10.5	25.7	36.2
GCST90240168	ok		1	0	http://ftp.ebi.ac.uk/pub/databases/gwas/summary_statistics/GCST90240001-GCST90241000/GCST90240168/harmonised/GCST90240168.h.tsv.gz	305318736	10042828	7476	0.000744	7441	0	0	35	/data/opengwasdb/pqtl-interval-2018/releases/2018-sun-pilot-100/filtered/COQ8B_GCST90240168.filtered.tsv.gz	123231	sha256	42026d325a4f2f7125a6893afc52aca47b8fff7fb46ae84cfd75688bfd41ae19	10.2	23.3	33.5
GCST90240169	ok		1	0	http://ftp.ebi.ac.uk/pub/databases/gwas/summary_statistics/GCST90240001-GCST90241000/GCST90240169/harmonised/GCST90240169.h.tsv.gz	305274105	10042828	13069	0.001301	7811	1	5219	39	/data/opengwasdb/pqtl-interval-2018/releases/2018-sun-pilot-100/filtered/ABL2_GCST90240169.filtered.tsv.gz	215174	sha256	f7019ef1d2018f1cccbb8a08f58d15d66c077328a672ffd886ed9a904f40951d	11	23.6	34.6
GCST90240170	ok		1	0	http://ftp.ebi.ac.uk/pub/databases/gwas/summary_statistics/GCST90240001-GCST90241000/GCST90240170/harmonised/GCST90240170.h.tsv.gz	305329384	10042828	20795	0.002071	7821	2	12937	37	/data/opengwasdb/pqtl-interval-2018/releases/2018-sun-pilot-100/filtered/ACACB_GCST90240170.filtered.tsv.gz	341386	sha256	d13f53bec3a87474042abe7d4694c6b8af76a491bf27cf0e9907130a1f67c483	10	23.3	33.3
GCST90240171	ok		1	0	http://ftp.ebi.ac.uk/pub/databases/gwas/summary_statistics/GCST90240001-GCST90241000/GCST90240171/harmonised/GCST90240171.h.tsv.gz	305310765	10042828	31955	0.003182	12344	2	19581	30	/data/opengwasdb/pqtl-interval-2018/releases/2018-sun-pilot-100/filtered/ASAH1_GCST90240171.filtered.tsv.gz	520002	sha256	6e75175f321197044fd7c86ad0eebc593bd5c0d88b47a6b84937032e9c042aed	10.3	23.1	33.4
GCST90240172	ok		1	0	http://ftp.ebi.ac.uk/pub/databases/gwas/summary_statistics/GCST90240001-GCST90241000/GCST90240172/harmonised/GCST90240172.h.tsv.gz	305499344	10042828	15896	0.001583	7524	1	8329	43	/data/opengwasdb/pqtl-interval-2018/releases/2018-sun-pilot-100/filtered/SMPDL3A_GCST90240172.filtered.tsv.gz	264722	sha256	1c38d9e94c52c7da866d28fdf079e21089cd63448b543867a3ab3fe7fef9058d	10.2	24.9	35.1
GCST90240173	ok		1	0	http://ftp.ebi.ac.uk/pub/databases/gwas/summary_statistics/GCST90240001-GCST90241000/GCST90240173/harmonised/GCST90240173.h.tsv.gz	305359366	10042828	12247	0.001219	7524	1	4674	49	/data/opengwasdb/pqtl-interval-2018/releases/2018-sun-pilot-100/filtered/SMPDL3A_GCST90240173.filtered.tsv.gz	199581	sha256	2c5a1ca5ca0b39a10dec1c810f93c4c0295c02cdbed39a9df70652d134288206	9.7	23.7	33.4
GCST90240174	ok		1	0	http://ftp.ebi.ac.uk/pub/databases/gwas/summary_statistics/GCST90240001-GCST90241000/GCST90240174/harmonised/GCST90240174.h.tsv.gz	305389226	10042828	6609	0.000658	6564	0	0	45	/data/opengwasdb/pqtl-interval-2018/releases/2018-sun-pilot-100/filtered/ASIC4_GCST90240174.filtered.tsv.gz	107940	sha256	4730d6ad64a55832a757d53c13b2a8fe2070d7f373d0f25abc371981a78a0e11	9.7	23.7	33.4
GCST90240175	ok		1	0	http://ftp.ebi.ac.uk/pub/databases/gwas/summary_statistics/GCST90240001-GCST90241000/GCST90240175/harmonised/GCST90240175.h.tsv.gz	305359511	10042828	6233	0.000621	6203	0	0	30	/data/opengwasdb/pqtl-interval-2018/releases/2018-sun-pilot-100/filtered/ANP32A_GCST90240175.filtered.tsv.gz	103360	sha256	dd4b56da1de4641dc97d41b447e2dd178cbe2b158c74dd029f334fec16eb24b9	10.2	23.4	33.6
GCST90240176	ok		1	0	http://ftp.ebi.ac.uk/pub/databases/gwas/summary_statistics/GCST90240001-GCST90241000/GCST90240176/harmonised/GCST90240176.h.tsv.gz	305377760	10042828	24707	0.00246	7182	2	17476	49	/data/opengwasdb/pqtl-interval-2018/releases/2018-sun-pilot-100/filtered/ANP32B_GCST90240176.filtered.tsv.gz	403614	sha256	3a689b479712cbcef0e50523214a98f6572d3d5df0874575f4bbda40b350932c	9.7	22.2	31.9
GCST90240177	ok		1	0	http://ftp.ebi.ac.uk/pub/databases/gwas/summary_statistics/GCST90240001-GCST90241000/GCST90240177/harmonised/GCST90240177.h.tsv.gz	305288892	10042828	7265	0.000723	7220	0	0	45	/data/opengwasdb/pqtl-interval-2018/releases/2018-sun-pilot-100/filtered/ABLIM3_GCST90240177.filtered.tsv.gz	119005	sha256	2e2fd9bc04da8a3122e51997bcda38b24b8b33ad7f05dda10dbd5c5e85e6f8fb	10.1	26.1	36.2
GCST90240178	ok		1	0	http://ftp.ebi.ac.uk/pub/databases/gwas/summary_statistics/GCST90240001-GCST90241000/GCST90240178/harmonised/GCST90240178.h.tsv.gz	305369997	10042828	10950	0.00109	5810	1	5093	47	/data/opengwasdb/pqtl-interval-2018/releases/2018-sun-pilot-100/filtered/ARPC3_GCST90240178.filtered.tsv.gz	182533	sha256	12eff57c369f442fe94cfe3babc762013770fde7f9d5b6d1234369c65152451f	9.9	23	32.9
GCST90240179	ok		1	0	http://ftp.ebi.ac.uk/pub/databases/gwas/summary_statistics/GCST90240001-GCST90241000/GCST90240179/harmonised/GCST90240179.h.tsv.gz	305300078	10042828	22691	0.002259	7958	2	14689	44	/data/opengwasdb/pqtl-interval-2018/releases/2018-sun-pilot-100/filtered/PROC_GCST90240179.filtered.tsv.gz	370969	sha256	fadf0004c7358698e7116b822ec23ae7ae9258c86ab1d1a858ca02ef973d3880	10.2	23.3	33.5
GCST90240180	ok		1	0	http://ftp.ebi.ac.uk/pub/databases/gwas/summary_statistics/GCST90240001-GCST90241000/GCST90240180/harmonised/GCST90240180.h.tsv.gz	305378327	10042828	7991	0.000796	7958	0	0	33	/data/opengwasdb/pqtl-interval-2018/releases/2018-sun-pilot-100/filtered/PROC_GCST90240180.filtered.tsv.gz	130868	sha256	f3ea148de62f133e3473ed9e6548718757f2433343aff8ebeadc21e5800c1094	10.4	24.4	34.8
GCST90240181	ok		1	0	http://ftp.ebi.ac.uk/pub/databases/gwas/summary_statistics/GCST90240001-GCST90241000/GCST90240181/harmonised/GCST90240181.h.tsv.gz	305400261	10042828	35292	0.003514	6225	4	29031	36	/data/opengwasdb/pqtl-interval-2018/releases/2018-sun-pilot-100/filtered/ASCC1_GCST90240181.filtered.tsv.gz	581139	sha256	2d8775440def3b702f545c51a81523f0a6c2e6d85ebabb00c70e2d77139e0b37	10.3	22.7	33
GCST90240182	ok		1	0	http://ftp.ebi.ac.uk/pub/databases/gwas/summary_statistics/GCST90240001-GCST90241000/GCST90240182/harmonised/GCST90240182.h.tsv.gz	305326223	10042828	19193	0.001911	8457	1	10697	39	/data/opengwasdb/pqtl-interval-2018/releases/2018-sun-pilot-100/filtered/AHSA1_GCST90240182.filtered.tsv.gz	313935	sha256	c235f706aa97765c1ffd2571413e9baa737a12e02faeb54eb8f1091736829dd9	10.4	23.9	34.2
GCST90240183	ok		1	0	http://ftp.ebi.ac.uk/pub/databases/gwas/summary_statistics/GCST90240001-GCST90241000/GCST90240183/harmonised/GCST90240183.h.tsv.gz	305316237	10042828	7405	0.000737	7381	0	0	24	/data/opengwasdb/pqtl-interval-2018/releases/2018-sun-pilot-100/filtered/HRK_GCST90240183.filtered.tsv.gz	122872	sha256	6a021494fd59488925b64355f789186c0f7ab1bb11bef40146e374b4eaf3e6e2	10.5	25.4	35.9
GCST90240184	ok		1	0	http://ftp.ebi.ac.uk/pub/databases/gwas/summary_statistics/GCST90240001-GCST90241000/GCST90240184/harmonised/GCST90240184.h.tsv.gz	305309069	10042828	18543	0.001846	7980	1	10533	30	/data/opengwasdb/pqtl-interval-2018/releases/2018-sun-pilot-100/filtered/ACVR1B_GCST90240184.filtered.tsv.gz	298833	sha256	54b28a88bb3d3e4a0cb9a6ab765d36053c8715374f4b48d4f1c092eb151be113	10.4	24	34.4
GCST90240185	ok		1	0	http://ftp.ebi.ac.uk/pub/databases/gwas/summary_statistics/GCST90240001-GCST90241000/GCST90240185/harmonised/GCST90240185.h.tsv.gz	305337773	10042828	19602	0.001952	8878	1	10690	34	/data/opengwasdb/pqtl-interval-2018/releases/2018-sun-pilot-100/filtered/ACBD6_GCST90240185.filtered.tsv.gz	318683	sha256	de2db94d08fa8037a1220b24e2a625127901d232560645f804fd28ec6a3d891d	10.1	23.9	34
GCST90240186	ok		1	0	http://ftp.ebi.ac.uk/pub/databases/gwas/summary_statistics/GCST90240001-GCST90241000/GCST90240186/harmonised/GCST90240186.h.tsv.gz	305379661	10042828	25151	0.002504	8548	2	16569	34	/data/opengwasdb/pqtl-interval-2018/releases/2018-sun-pilot-100/filtered/ACBD7_GCST90240186.filtered.tsv.gz	411857	sha256	f0eaddb7cc75a7e1024289f0fe66d1d21ecdb5379bd10e9b010a03b60a494f96	9.9	23.3	33.1
GCST90240187	ok		1	0	http://ftp.ebi.ac.uk/pub/databases/gwas/summary_statistics/GCST90240001-GCST90241000/GCST90240187/harmonised/GCST90240187.h.tsv.gz	305490763	10042828	20652	0.002056	9917	1	10697	38	/data/opengwasdb/pqtl-interval-2018/releases/2018-sun-pilot-100/filtered/ACYP2_GCST90240187.filtered.tsv.gz	340352	sha256	08e1f2a9fe3d05e3f770e074c1a0749eb7020ea81a7c3efb9ae42ee9a79cc02d	9.9	22.7	32.6
GCST90240188	ok		1	0	http://ftp.ebi.ac.uk/pub/databases/gwas/summary_statistics/GCST90240001-GCST90241000/GCST90240188/harmonised/GCST90240188.h.tsv.gz	305463629	10042828	13954	0.001389	13921	0	0	33	/data/opengwasdb/pqtl-interval-2018/releases/2018-sun-pilot-100/filtered/ADAMTSL1_GCST90240188.filtered.tsv.gz	224930	sha256	0d47a0092d07444ad90c4500d0fbd03b1dfbac6b429f66d4ea5426f4dd130d56	10	23.5	33.5
GCST90240189	ok		1	0	http://ftp.ebi.ac.uk/pub/databases/gwas/summary_statistics/GCST90240001-GCST90241000/GCST90240189/harmonised/GCST90240189.h.tsv.gz	305365465	10042828	9416	0.000938	9383	0	0	33	/data/opengwasdb/pqtl-interval-2018/releases/2018-sun-pilot-100/filtered/CRK_GCST90240189.filtered.tsv.gz	155563	sha256	0b5b6c8987f1a1b6f232c4d04ca03b755c35743b8edb9fe46d6a33ae65a7cd41	9.8	23	32.7
GCST90240190	ok		1	0	http://ftp.ebi.ac.uk/pub/databases/gwas/summary_statistics/GCST90240001-GCST90241000/GCST90240190/harmonised/GCST90240190.h.tsv.gz	305301137	10042828	21893	0.00218	8183	1	13676	34	/data/opengwasdb/pqtl-interval-2018/releases/2018-sun-pilot-100/filtered/SLC35B3_GCST90240190.filtered.tsv.gz	352893	sha256	a7186d20dad57eba54d356bead41d726507d51a6dbe3af0922a714a63cdc9894	10.5	22.8	33.4
GCST90240191	ok		1	0	http://ftp.ebi.ac.uk/pub/databases/gwas/summary_statistics/GCST90240001-GCST90241000/GCST90240191/harmonised/GCST90240191.h.tsv.gz	305380849	10042828	7949	0.000792	7906	0	0	43	/data/opengwasdb/pqtl-interval-2018/releases/2018-sun-pilot-100/filtered/ADA2_GCST90240191.filtered.tsv.gz	130180	sha256	70c119e862e59333dd6c2aed908700128d9403954c682842679e2973e34d917e	10.4	25.5	35.9
GCST90240192	ok		1	0	http://ftp.ebi.ac.uk/pub/databases/gwas/summary_statistics/GCST90240001-GCST90241000/GCST90240192/harmonised/GCST90240192.h.tsv.gz	305299017	10042828	4865	0.000484	4837	0	0	28	/data/opengwasdb/pqtl-interval-2018/releases/2018-sun-pilot-100/filtered/AK1_GCST90240192.filtered.tsv.gz	81214	sha256	4aaf6dd67e6e58d1272732b512bfee8d7b6d71fb8283c918e61e14e6ebb85d6c	9.8	23.3	33.2
GCST90240193	ok		1	0	http://ftp.ebi.ac.uk/pub/databases/gwas/summary_statistics/GCST90240001-GCST90241000/GCST90240193/harmonised/GCST90240193.h.tsv.gz	305397675	10042828	6803	0.000677	6760	0	0	43	/data/opengwasdb/pqtl-interval-2018/releases/2018-sun-pilot-100/filtered/ADSS1_GCST90240193.filtered.tsv.gz	113205	sha256	adde64dda683f34ad5cd3b31b60a76bc583a30dabfcc3cd495577f303afd6659	9.8	23.5	33.2
GCST90240194	ok		1	0	http://ftp.ebi.ac.uk/pub/databases/gwas/summary_statistics/GCST90240001-GCST90241000/GCST90240194/harmonised/GCST90240194.h.tsv.gz	305338393	10042828	24653	0.002455	6856	2	17750	47	/data/opengwasdb/pqtl-interval-2018/releases/2018-sun-pilot-100/filtered/ADSS2_GCST90240194.filtered.tsv.gz	403803	sha256	ce9631f87244398c30a9af16847ab33d214954b2c0839552b0fd0a9c67c6625e	10.2	25.8	36
GCST90240195	ok		1	0	http://ftp.ebi.ac.uk/pub/databases/gwas/summary_statistics/GCST90240001-GCST90241000/GCST90240195/harmonised/GCST90240195.h.tsv.gz	305366556	10042828	18640	0.001856	7766	2	10837	37	/data/opengwasdb/pqtl-interval-2018/releases/2018-sun-pilot-100/filtered/MOCS3_GCST90240195.filtered.tsv.gz	307576	sha256	3e4c0696b460d4f47f1f2fc6e78710155a2b851e8c9b04183e0dc5ce4a32073f	9.8	24.8	34.6
GCST90240196	ok		1	0	http://ftp.ebi.ac.uk/pub/databases/gwas/summary_statistics/GCST90240001-GCST90241000/GCST90240196/harmonised/GCST90240196.h.tsv.gz	305402501	10042828	25999	0.002589	7375	2	18594	30	/data/opengwasdb/pqtl-interval-2018/releases/2018-sun-pilot-100/filtered/ADGRF5_GCST90240196.filtered.tsv.gz	427408	sha256	83e3b6a239840a6316dac58ab6dfd0af7fd9c4f012195adec7ce7ddfe2e7816c	9.8	23.4	33.2
GCST90240197	ok		1	0	http://ftp.ebi.ac.uk/pub/databases/gwas/summary_statistics/GCST90240001-GCST90241000/GCST90240197/harmonised/GCST90240197.h.tsv.gz	305434304	10042828	21460	0.002137	7178	2	14251	31	/data/opengwasdb/pqtl-interval-2018/releases/2018-sun-pilot-100/filtered/ADGRF1_GCST90240197.filtered.tsv.gz	353622	sha256	74575a91d741153e1a915073d5c06f12d9e616a11b6e7d7401ece390faca0dd7	10.2	23.6	33.9
GCST90240198	ok		1	0	http://ftp.ebi.ac.uk/pub/databases/gwas/summary_statistics/GCST90240001-GCST90241000/GCST90240198/harmonised/GCST90240198.h.tsv.gz	305382756	10042828	8908	0.000887	8871	0	0	37	/data/opengwasdb/pqtl-interval-2018/releases/2018-sun-pilot-100/filtered/ADGRG5_GCST90240198.filtered.tsv.gz	147826	sha256	9ad305b6b69049a72844fac3964e6be0b8b3a94740efb612cdeb20768c413a77	9.8	24.4	34.2
GCST90240199	ok		1	0	http://ftp.ebi.ac.uk/pub/databases/gwas/summary_statistics/GCST90240001-GCST90241000/GCST90240199/harmonised/GCST90240199.h.tsv.gz	305366741	10042828	14759	0.00147	8040	1	6672	47	/data/opengwasdb/pqtl-interval-2018/releases/2018-sun-pilot-100/filtered/APMAP_GCST90240199.filtered.tsv.gz	239058	sha256	07c7319f22110ee3a754a0f9704108167b390ca592e26d0294937d3cf31caadc	9.9	25.3	35.1
GCST90240200	ok		1	0	http://ftp.ebi.ac.uk/pub/databases/gwas/summary_statistics/GCST90240001-GCST90241000/GCST90240200/harmonised/GCST90240200.h.tsv.gz	305361723	10042828	5325	0.00053	5298	0	0	27	/data/opengwasdb/pqtl-interval-2018/releases/2018-sun-pilot-100/filtered/ADPGK_GCST90240200.filtered.tsv.gz	90014	sha256	dc30ae262fe0889febe8e7ce07cc7f28c2eea723d88d9a2855aa39383238d269	9.8	26.1	35.9
GCST90240201	ok		1	0	http://ftp.ebi.ac.uk/pub/databases/gwas/summary_statistics/GCST90240001-GCST90241000/GCST90240201/harmonised/GCST90240201.h.tsv.gz	305410906	10042828	25525	0.002542	7399	2	18096	30	/data/opengwasdb/pqtl-interval-2018/releases/2018-sun-pilot-100/filtered/NUDT9_GCST90240201.filtered.tsv.gz	419662	sha256	4a5ad64b5350c828736d5ed85611d296a8fa4456b5c7c6583e08e23bc8d59090	10.2	26.1	36.3
GCST90240202	ok		1	0	http://ftp.ebi.ac.uk/pub/databases/gwas/summary_statistics/GCST90240001-GCST90241000/GCST90240202/harmonised/GCST90240202.h.tsv.gz	305331078	10042828	8096	0.000806	8052	0	0	44	/data/opengwasdb/pqtl-interval-2018/releases/2018-sun-pilot-100/filtered/CD38_GCST90240202.filtered.tsv.gz	133013	sha256	77434c1f4225fab288ef4818f1354c60e6370975676efcd8c21fbf81322105d1	10.5	23.6	34.1
GCST90240203	ok		1	0	http://ftp.ebi.ac.uk/pub/databases/gwas/summary_statistics/GCST90240001-GCST90241000/GCST90240203/harmonised/GCST90240203.h.tsv.gz	305354720	10042828	29642	0.002952	8052	3	21559	31	/data/opengwasdb/pqtl-interval-2018/releases/2018-sun-pilot-100/filtered/CD38_GCST90240203.filtered.tsv.gz	485091	sha256	00ab992fdae39f1aa47c7a61bc33213532d44af169b198b676096f875f261d5e	9.8	24	33.8
GCST90240204	ok		1	0	http://ftp.ebi.ac.uk/pub/databases/gwas/summary_statistics/GCST90240001-GCST90241000/GCST90240204/harmonised/GCST90240204.h.tsv.gz	305306965	10042828	17157	0.001708	8259	1	8861	37	/data/opengwasdb/pqtl-interval-2018/releases/2018-sun-pilot-100/filtered/BST1_GCST90240204.filtered.tsv.gz	286316	sha256	d154ca249ba8dba45b467d0f4c3698af1273db40880de92c218c6e2b6fd35a09	10.1	23.5	33.7
GCST90240205	ok		1	0	http://ftp.ebi.ac.uk/pub/databases/gwas/summary_statistics/GCST90240001-GCST90241000/GCST90240205/harmonised/GCST90240205.h.tsv.gz	305378136	10042828	15920	0.001585	6607	1	9285	28	/data/opengwasdb/pqtl-interval-2018/releases/2018-sun-pilot-100/filtered/ARF3_GCST90240205.filtered.tsv.gz	259972	sha256	cf3f85b09197c4a153a5f0b7e7c027debef5e9d6fb7729fa71616271935821f4	10.3	23.7	34
GCST90240206	ok		1	0	http://ftp.ebi.ac.uk/pub/databases/gwas/summary_statistics/GCST90240001-GCST90241000/GCST90240206/harmonised/GCST90240206.h.tsv.gz	305357950	10042828	25906	0.00258	6397	2	19478	31	/data/opengwasdb/pqtl-interval-2018/releases/2018-sun-pilot-100/filtered/ARF6_GCST90240206.filtered.tsv.gz	426876	sha256	a8ccc0b4f18908073d32c042759ac25440d359924feb7179192082333228976c	10.4	23.3	33.8
GCST90240207	ok		1	0	http://ftp.ebi.ac.uk/pub/databases/gwas/summary_statistics/GCST90240001-GCST90241000/GCST90240207/harmonised/GCST90240207.h.tsv.gz	305376586	10042828	15049	0.001498	4303	1	10708	38	/data/opengwasdb/pqtl-interval-2018/releases/2018-sun-pilot-100/filtered/ARFGAP2_GCST90240207.filtered.tsv.gz	246601	sha256	f85928c481d1f67c3787ceb69eca4cee1d3a69317b9171973e3a8e55951b9dc5	9.6	22.7	32.2
GCST90240208	ok		1	0	http://ftp.ebi.ac.uk/pub/databases/gwas/summary_statistics/GCST90240001-GCST90241000/GCST90240208/harmonised/GCST90240208.h.tsv.gz	305348434	10042828	17700	0.001762	6966	1	10696	38	/data/opengwasdb/pqtl-interval-2018/releases/2018-sun-pilot-100/filtered/GGA1_GCST90240208.filtered.tsv.gz	287698	sha256	73810b775957df86ea9eb1b53e9eb7a2b65f125a4009bdaa583e4de974c6c512	9.9	25.1	35
GCST90240209	ok		1	0	http://ftp.ebi.ac.uk/pub/databases/gwas/summary_statistics/GCST90240001-GCST90241000/GCST90240209/harmonised/GCST90240209.h.tsv.gz	305347702	10042828	17964	0.001789	7228	1	10696	40	/data/opengwasdb/pqtl-interval-2018/releases/2018-sun-pilot-100/filtered/GGA3_GCST90240209.filtered.tsv.gz	294539	sha256	c6b437702c9528fea7f8302fc87aa66df1dcd3746a0ad7b4dfa03c1ed97b37d8	9.8	27.5	37.4
GCST90240210	ok		1	0	http://ftp.ebi.ac.uk/pub/databases/gwas/summary_statistics/GCST90240001-GCST90241000/GCST90240210/harmonised/GCST90240210.h.tsv.gz	305405956	10042828	21641	0.002155	6996	2	14597	48	/data/opengwasdb/pqtl-interval-2018/releases/2018-sun-pilot-100/filtered/ARL1_GCST90240210.filtered.tsv.gz	357288	sha256	f228ca7b6c41724977e4f2c7550678fdcfda8de0749a2df489c50c863a0aa8b5	10	23.7	33.7
GCST90240211	ok		1	0	http://ftp.ebi.ac.uk/pub/databases/gwas/summary_statistics/GCST90240001-GCST90241000/GCST90240211/harmonised/GCST90240211.h.tsv.gz	305396218	10042828	23503	0.00234	7021	2	16449	33	/data/opengwasdb/pqtl-interval-2018/releases/2018-sun-pilot-100/filtered/ARL11_GCST90240211.filtered.tsv.gz	386705	sha256	c79924b40ae6f5f6eb9c06d20fac1935304ff8d01a45a75f17154fdf4f360461	10.1	24.3	34.4
GCST90240212	ok		1	0	http://ftp.ebi.ac.uk/pub/databases/gwas/summary_statistics/GCST90240001-GCST90241000/GCST90240212/harmonised/GCST90240212.h.tsv.gz	305417589	10042828	15845	0.001578	5096	1	10708	41	/data/opengwasdb/pqtl-interval-2018/releases/2018-sun-pilot-100/filtered/ARL3_GCST90240212.filtered.tsv.gz	261125	sha256	8cd6ce7385d7763eb1974ccabdca2f6c19b88eceac745c132fecdc3148b73ba3	10	23.4	33.4
GCST90240213	ok		1	0	http://ftp.ebi.ac.uk/pub/databases/gwas/summary_statistics/GCST90240001-GCST90241000/GCST90240213/harmonised/GCST90240213.h.tsv.gz	305392361	10042828	51131	0.005091	8558	5	42538	35	/data/opengwasdb/pqtl-interval-2018/releases/2018-sun-pilot-100/filtered/ADM_GCST90240213.filtered.tsv.gz	834983	sha256	e455292c63d84060f75c105f95d32b0608a85e0d44603fe36ff275575fba207f	45.3	27.4	72.7
GCST90240214	ok		1	0	http://ftp.ebi.ac.uk/pub/databases/gwas/summary_statistics/GCST90240001-GCST90241000/GCST90240214/harmonised/GCST90240214.h.tsv.gz	305298838	10042828	26230	0.002612	12144	2	14045	41	/data/opengwasdb/pqtl-interval-2018/releases/2018-sun-pilot-100/filtered/SCIN_GCST90240214.filtered.tsv.gz	426047	sha256	ed361c067c23ed65709bdad53ab29d8df9b3970fe763be06bef82081fc2bcca7	10.2	23.4	33.6
GCST90240215	ok		1	0	http://ftp.ebi.ac.uk/pub/databases/gwas/summary_statistics/GCST90240001-GCST90241000/GCST90240215/harmonised/GCST90240215.h.tsv.gz	305547995	10042828	98283	0.009786	33472	7	76479	35	/data/opengwasdb/pqtl-interval-2018/releases/2018-sun-pilot-100/filtered/AGER_GCST90240215.filtered.tsv.gz	1538913	sha256	99785beb160d60869609eb646329151ce2a654c304739f604c0540ff490f1b6b	10.1	26.7	36.8
GCST90240216	ok		1	0	http://ftp.ebi.ac.uk/pub/databases/gwas/summary_statistics/GCST90240001-GCST90241000/GCST90240216/harmonised/GCST90240216.h.tsv.gz	305337238	10042828	7023	0.000699	6981	0	0	42	/data/opengwasdb/pqtl-interval-2018/releases/2018-sun-pilot-100/filtered/ACAN_GCST90240216.filtered.tsv.gz	116006	sha256	b7ee4ab39208152299d54cdfd01f4414f6b2c945436952a30a63d2300bab2167	10	24.4	34.4
GCST90240217	ok		1	0	http://ftp.ebi.ac.uk/pub/databases/gwas/summary_statistics/GCST90240001-GCST90241000/GCST90240217/harmonised/GCST90240217.h.tsv.gz	305410754	10042828	13544	0.001349	4344	1	9156	44	/data/opengwasdb/pqtl-interval-2018/releases/2018-sun-pilot-100/filtered/AGRP_GCST90240217.filtered.tsv.gz	224736	sha256	d2c7f32d6ba92f76bb3050b204756d2494217ea5fe572c4cd54bd1c7293241c8	10	23.7	33.7
GCST90240218	ok		1	0	http://ftp.ebi.ac.uk/pub/databases/gwas/summary_statistics/GCST90240001-GCST90241000/GCST90240218/harmonised/GCST90240218.h.tsv.gz	305355296	10042828	18102	0.001802	4514	2	17884	37	/data/opengwasdb/pqtl-interval-2018/releases/2018-sun-pilot-100/filtered/ASIP_GCST90240218.filtered.tsv.gz	303185	sha256	668e0f92a9ab89f136ddc652097f8754dbcf4789ca44ed93c7b286b7be18bbb4	10.1	23.8	33.9
