analysis_index	analysis_id	source_analysis_id	source_label	trait_ontology_name	trait_ontology_id	source_file	source_url	source_bundle_id	filtered_file	checksum	checksum_algorithm	size_bytes	source_genome_build	license	publication_doi	publication_pmid	consortium	source_ancestry_label	assigned_ancestry	ancestry_assignment_method	original_effect_scale	original_sd	original_sd_method	stored_effect_scale	sample_size_kind	sample_size_scope	sample_size	n_cases	n_controls	analysis_group_id	inclusion_reason	exclude_from_build	tissue	context
0	GCST90201021	GCST90201021	Carnitine levels	carnitine measurement	http://www.ebi.ac.uk/efo/EFO_0010469	/data/opengwasdb/metabolome-plasma-2023/releases/2023-chen-pilot-80/filtered/GCST90201021_GCST90201021.filtered.tsv.gz	http://ftp.ebi.ac.uk/pub/databases/gwas/summary_statistics/GCST90201001-GCST90202000/GCST90201021/harmonised/GCST90201021.h.tsv.gz		GCST90201021_GCST90201021.filtered.tsv.gz	de3ef3c40e52a23f506d55cdf566dd9641987524a55568c0d1a2ee7adf9f4e05	sha256	104163	GRCh38	EBI GWAS Catalog terms of use	10.1038/s41588-022-01270-1	36635386	Chen et al. 2023	African	AFR	af_assigned	sd	0.962621207627282	estimated_from_source_maf	sd	total	analysis_level	58	0	0	PMID36635386	multi_ancestry_metabolome_pilot		plasma	metabolomics
1	GCST90201022	GCST90201022	Glycerol 3-phosphate levels	glycerol-3-phosphate measurement	http://www.ebi.ac.uk/efo/EFO_0010488	/data/opengwasdb/metabolome-plasma-2023/releases/2023-chen-pilot-80/filtered/GCST90201022_GCST90201022.filtered.tsv.gz	http://ftp.ebi.ac.uk/pub/databases/gwas/summary_statistics/GCST90201001-GCST90202000/GCST90201022/harmonised/GCST90201022.h.tsv.gz		GCST90201022_GCST90201022.filtered.tsv.gz	63190fe3298c86f9d18846dfcf6a92db7281508b5715094e7e86ccf851ee99c5	sha256	124032	GRCh38	EBI GWAS Catalog terms of use	10.1038/s41588-022-01270-1	36635386	Chen et al. 2023	African	AFR	af_assigned	sd	0.963160559723484	estimated_from_source_maf	sd	total	analysis_level	60	0	0	PMID36635386	multi_ancestry_metabolome_pilot		plasma	metabolomics
2	GCST90201023	GCST90201023	Glucuronate levels	glucuronate measurement	http://www.ebi.ac.uk/efo/EFO_0010486	/data/opengwasdb/metabolome-plasma-2023/releases/2023-chen-pilot-80/filtered/GCST90201023_GCST90201023.filtered.tsv.gz	http://ftp.ebi.ac.uk/pub/databases/gwas/summary_statistics/GCST90201001-GCST90202000/GCST90201023/harmonised/GCST90201023.h.tsv.gz		GCST90201023_GCST90201023.filtered.tsv.gz	e1be0a1632eb08fcd458b9013ba330de7ceaff1fe6e32f6912f060d6d347d023	sha256	103408	GRCh38	EBI GWAS Catalog terms of use	10.1038/s41588-022-01270-1	36635386	Chen et al. 2023	African	AFR	af_assigned	sd	0.83463627757223	estimated_from_source_maf	sd	total	analysis_level	57	0	0	PMID36635386	multi_ancestry_metabolome_pilot		plasma	metabolomics
3	GCST90201024	GCST90201024	3-methyl-2-oxovalerate levels	3-methyl-2-oxovalerate measurement	http://www.ebi.ac.uk/efo/EFO_0021021	/data/opengwasdb/metabolome-plasma-2023/releases/2023-chen-pilot-80/filtered/GCST90201024_GCST90201024.filtered.tsv.gz	http://ftp.ebi.ac.uk/pub/databases/gwas/summary_statistics/GCST90201001-GCST90202000/GCST90201024/harmonised/GCST90201024.h.tsv.gz		GCST90201024_GCST90201024.filtered.tsv.gz	8ee35de8486520e5af06341fc70db407708ba4c748c4655fb1a6361664340f9b	sha256	2269	GRCh38	EBI GWAS Catalog terms of use	10.1038/s41588-022-01270-1	36635386	Chen et al. 2023	African		unassigned	sd	0.737726062033196	estimated_from_source_maf	sd	total	analysis_level	60	0	0	PMID36635386	multi_ancestry_metabolome_pilot		plasma	metabolomics
4	GCST90201025	GCST90201025	3-methylhistidine levels	3-methylhistidine measurement	http://www.ebi.ac.uk/efo/EFO_0021004	/data/opengwasdb/metabolome-plasma-2023/releases/2023-chen-pilot-80/filtered/GCST90201025_GCST90201025.filtered.tsv.gz	http://ftp.ebi.ac.uk/pub/databases/gwas/summary_statistics/GCST90201001-GCST90202000/GCST90201025/harmonised/GCST90201025.h.tsv.gz		GCST90201025_GCST90201025.filtered.tsv.gz	224d21b1a334f1a0dd1863c21436ec18f8d5f6ad2a4d7aefb3c64a04eede565c	sha256	332822	GRCh38	EBI GWAS Catalog terms of use	10.1038/s41588-022-01270-1	36635386	Chen et al. 2023	African	AFR	af_assigned	sd	0.942800737798964	estimated_from_source_maf	sd	total	analysis_level	60	0	0	PMID36635386	multi_ancestry_metabolome_pilot		plasma	metabolomics
5	GCST90201026	GCST90201026	Benzoate levels	benzoate measurement	http://www.ebi.ac.uk/efo/EFO_0021150	/data/opengwasdb/metabolome-plasma-2023/releases/2023-chen-pilot-80/filtered/GCST90201026_GCST90201026.filtered.tsv.gz	http://ftp.ebi.ac.uk/pub/databases/gwas/summary_statistics/GCST90201001-GCST90202000/GCST90201026/harmonised/GCST90201026.h.tsv.gz		GCST90201026_GCST90201026.filtered.tsv.gz	6528e009226db289fdaa3caabd6d986a3fdef3b03d473c536fea186f09100032	sha256	3028	GRCh38	EBI GWAS Catalog terms of use	10.1038/s41588-022-01270-1	36635386	Chen et al. 2023	African		unassigned	sd	0.717960454032491	estimated_from_source_maf	sd	total	analysis_level	49	0	0	PMID36635386	multi_ancestry_metabolome_pilot		plasma	metabolomics
6	GCST90201027	GCST90201027	Methionine sulfoxide levels	Methionine sulfoxide measurement	http://www.ebi.ac.uk/efo/EFO_0021650	/data/opengwasdb/metabolome-plasma-2023/releases/2023-chen-pilot-80/filtered/GCST90201027_GCST90201027.filtered.tsv.gz	http://ftp.ebi.ac.uk/pub/databases/gwas/summary_statistics/GCST90201001-GCST90202000/GCST90201027/harmonised/GCST90201027.h.tsv.gz		GCST90201027_GCST90201027.filtered.tsv.gz	604ca70d5f9293d5f8d19ee4097bcc95ce26821082b805d5a378ad4b8c58e90f	sha256	388932	GRCh38	EBI GWAS Catalog terms of use	10.1038/s41588-022-01270-1	36635386	Chen et al. 2023	African	AFR	af_assigned	sd	0.971462414748505	estimated_from_source_maf	sd	total	analysis_level	60	0	0	PMID36635386	multi_ancestry_metabolome_pilot		plasma	metabolomics
7	GCST90201028	GCST90201028	Xanthurenate levels	xanthurenate measurement	http://www.ebi.ac.uk/efo/EFO_0010551	/data/opengwasdb/metabolome-plasma-2023/releases/2023-chen-pilot-80/filtered/GCST90201028_GCST90201028.filtered.tsv.gz	http://ftp.ebi.ac.uk/pub/databases/gwas/summary_statistics/GCST90201001-GCST90202000/GCST90201028/harmonised/GCST90201028.h.tsv.gz		GCST90201028_GCST90201028.filtered.tsv.gz	b10d04532698b6fee50e2344ef06c1b0dd51f7eb1610b19dce5951058c49d45d	sha256	684468	GRCh38	EBI GWAS Catalog terms of use	10.1038/s41588-022-01270-1	36635386	Chen et al. 2023	African	AFR	af_assigned	sd	0.973107043232065	estimated_from_source_maf	sd	total	analysis_level	53	0	0	PMID36635386	multi_ancestry_metabolome_pilot		plasma	metabolomics
8	GCST90201029	GCST90201029	Hippurate levels	hippurate measurement	http://www.ebi.ac.uk/efo/EFO_0010992	/data/opengwasdb/metabolome-plasma-2023/releases/2023-chen-pilot-80/filtered/GCST90201029_GCST90201029.filtered.tsv.gz	http://ftp.ebi.ac.uk/pub/databases/gwas/summary_statistics/GCST90201001-GCST90202000/GCST90201029/harmonised/GCST90201029.h.tsv.gz		GCST90201029_GCST90201029.filtered.tsv.gz	376f514b57f2bc1c1a8e8786267aee1d2d129ebb7ab9be31b6f7b733ed860e89	sha256	141446	GRCh38	EBI GWAS Catalog terms of use	10.1038/s41588-022-01270-1	36635386	Chen et al. 2023	African	AFR	af_assigned	sd	0.969049065529406	estimated_from_source_maf	sd	total	analysis_level	60	0	0	PMID36635386	multi_ancestry_metabolome_pilot		plasma	metabolomics
9	GCST90201030	GCST90201030	Phenylacetate levels	phenylacetate measurement	http://www.ebi.ac.uk/efo/EFO_0021012	/data/opengwasdb/metabolome-plasma-2023/releases/2023-chen-pilot-80/filtered/GCST90201030_GCST90201030.filtered.tsv.gz	http://ftp.ebi.ac.uk/pub/databases/gwas/summary_statistics/GCST90201001-GCST90202000/GCST90201030/harmonised/GCST90201030.h.tsv.gz		GCST90201030_GCST90201030.filtered.tsv.gz	d1e3662da414df22b1a51064b8d999fcc088e20f391ff5d30d920549693c45ed	sha256	442084	GRCh38	EBI GWAS Catalog terms of use	10.1038/s41588-022-01270-1	36635386	Chen et al. 2023	African	AFR	af_assigned	sd	0.870708132257206	estimated_from_source_maf	sd	total	analysis_level	55	0	0	PMID36635386	multi_ancestry_metabolome_pilot		plasma	metabolomics
10	GCST90201031	GCST90201031	Suberate (C8-DC) levels	suberate (C8-DC) measurement	http://www.ebi.ac.uk/efo/EFO_0800181	/data/opengwasdb/metabolome-plasma-2023/releases/2023-chen-pilot-80/filtered/GCST90201031_GCST90201031.filtered.tsv.gz	http://ftp.ebi.ac.uk/pub/databases/gwas/summary_statistics/GCST90201001-GCST90202000/GCST90201031/harmonised/GCST90201031.h.tsv.gz		GCST90201031_GCST90201031.filtered.tsv.gz	8179553d19a17939735095425fe5be590e4a18cbfc76c5958d1f3850d8885e2a	sha256	594094	GRCh38	EBI GWAS Catalog terms of use	10.1038/s41588-022-01270-1	36635386	Chen et al. 2023	African	AFR	af_assigned	sd	0.892635179439007	estimated_from_source_maf	sd	total	analysis_level	51	0	0	PMID36635386	multi_ancestry_metabolome_pilot		plasma	metabolomics
11	GCST90201032	GCST90201032	Glycerophosphorylcholine (GPC) levels	glycerophosphorylcholine measurement	http://www.ebi.ac.uk/efo/EFO_0020018	/data/opengwasdb/metabolome-plasma-2023/releases/2023-chen-pilot-80/filtered/GCST90201032_GCST90201032.filtered.tsv.gz	http://ftp.ebi.ac.uk/pub/databases/gwas/summary_statistics/GCST90201001-GCST90202000/GCST90201032/harmonised/GCST90201032.h.tsv.gz		GCST90201032_GCST90201032.filtered.tsv.gz	8cd58822ae7d4745178d7674650aaba623a16d84b4d66f5c301dbb8622db60ae	sha256	4079	GRCh38	EBI GWAS Catalog terms of use	10.1038/s41588-022-01270-1	36635386	Chen et al. 2023	African		unassigned	sd	0.82552642049301	estimated_from_source_maf	sd	total	analysis_level	59	0	0	PMID36635386	multi_ancestry_metabolome_pilot		plasma	metabolomics
12	GCST90201033	GCST90201033	Kynurenine levels	kynurenine measurement	http://www.ebi.ac.uk/efo/EFO_0008529	/data/opengwasdb/metabolome-plasma-2023/releases/2023-chen-pilot-80/filtered/GCST90201033_GCST90201033.filtered.tsv.gz	http://ftp.ebi.ac.uk/pub/databases/gwas/summary_statistics/GCST90201001-GCST90202000/GCST90201033/harmonised/GCST90201033.h.tsv.gz		GCST90201033_GCST90201033.filtered.tsv.gz	162b73c1a93c57bdcf449a7cb2ce39a82bba0a66722fc6aed7df73548c0d66bd	sha256	832081	GRCh38	EBI GWAS Catalog terms of use	10.1038/s41588-022-01270-1	36635386	Chen et al. 2023	African	AFR	af_assigned	sd	0.965326203789541	estimated_from_source_maf	sd	total	analysis_level	60	0	0	PMID36635386	multi_ancestry_metabolome_pilot		plasma	metabolomics
13	GCST90201034	GCST90201034	Maltotriose levels	maltotriose measurement	http://www.ebi.ac.uk/efo/EFO_0800142	/data/opengwasdb/metabolome-plasma-2023/releases/2023-chen-pilot-80/filtered/GCST90201034_GCST90201034.filtered.tsv.gz	http://ftp.ebi.ac.uk/pub/databases/gwas/summary_statistics/GCST90201001-GCST90202000/GCST90201034/harmonised/GCST90201034.h.tsv.gz		GCST90201034_GCST90201034.filtered.tsv.gz	5a43ca3f24e20b708f10f7a14b33bc81fa7854e8ad06f56f08c91943918d673c	sha256	371791	GRCh38	EBI GWAS Catalog terms of use	10.1038/s41588-022-01270-1	36635386	Chen et al. 2023	African	AFR	af_assigned	sd	0.741793783540371	estimated_from_source_maf	sd	total	analysis_level	33	0	0	PMID36635386	multi_ancestry_metabolome_pilot		plasma	metabolomics
14	GCST90201035	GCST90201035	3-phenylpropionate hydrocinnamate levels	3-phenylpropionate hydrocinnamate measurement	http://www.ebi.ac.uk/efo/EFO_0021010	/data/opengwasdb/metabolome-plasma-2023/releases/2023-chen-pilot-80/filtered/GCST90201035_GCST90201035.filtered.tsv.gz	http://ftp.ebi.ac.uk/pub/databases/gwas/summary_statistics/GCST90201001-GCST90202000/GCST90201035/harmonised/GCST90201035.h.tsv.gz		GCST90201035_GCST90201035.filtered.tsv.gz	16985c64d0c9a53e1676dd646790a0ae6e71658af88a1bf03e6898a70a1020b0	sha256	495440	GRCh38	EBI GWAS Catalog terms of use	10.1038/s41588-022-01270-1	36635386	Chen et al. 2023	African	AFR	af_assigned	sd	0.962936415760083	estimated_from_source_maf	sd	total	analysis_level	57	0	0	PMID36635386	multi_ancestry_metabolome_pilot		plasma	metabolomics
15	GCST90201036	GCST90201036	Imidazole lactate levels	imidazole lactate measurement	http://www.ebi.ac.uk/efo/EFO_0800004	/data/opengwasdb/metabolome-plasma-2023/releases/2023-chen-pilot-80/filtered/GCST90201036_GCST90201036.filtered.tsv.gz	http://ftp.ebi.ac.uk/pub/databases/gwas/summary_statistics/GCST90201001-GCST90202000/GCST90201036/harmonised/GCST90201036.h.tsv.gz		GCST90201036_GCST90201036.filtered.tsv.gz	7211f13b4a131d41985cb6b214aebe497a907a70c273ec500fe5d62cedb17c96	sha256	363112	GRCh38	EBI GWAS Catalog terms of use	10.1038/s41588-022-01270-1	36635386	Chen et al. 2023	African	AFR	af_assigned	sd	0.912512493707187	estimated_from_source_maf	sd	total	analysis_level	59	0	0	PMID36635386	multi_ancestry_metabolome_pilot		plasma	metabolomics
16	GCST90201037	GCST90201037	Tartarate levels	tartarate measurement	http://www.ebi.ac.uk/efo/EFO_0800941	/data/opengwasdb/metabolome-plasma-2023/releases/2023-chen-pilot-80/filtered/GCST90201037_GCST90201037.filtered.tsv.gz	http://ftp.ebi.ac.uk/pub/databases/gwas/summary_statistics/GCST90201001-GCST90202000/GCST90201037/harmonised/GCST90201037.h.tsv.gz		GCST90201037_GCST90201037.filtered.tsv.gz	b7527806a5e0eb4260f6d4d7414f57cfe687fb989d617bcbf4acef1711b9e30e	sha256	1047257	GRCh38	EBI GWAS Catalog terms of use	10.1038/s41588-022-01270-1	36635386	Chen et al. 2023	African	AFR	af_assigned	sd	0.903959420416419	estimated_from_source_maf	sd	total	analysis_level	54	0	0	PMID36635386	multi_ancestry_metabolome_pilot		plasma	metabolomics
17	GCST90201038	GCST90201038	N-acetylglutamate levels	N-acetylglutamate measurement	http://www.ebi.ac.uk/efo/EFO_0800005	/data/opengwasdb/metabolome-plasma-2023/releases/2023-chen-pilot-80/filtered/GCST90201038_GCST90201038.filtered.tsv.gz	http://ftp.ebi.ac.uk/pub/databases/gwas/summary_statistics/GCST90201001-GCST90202000/GCST90201038/harmonised/GCST90201038.h.tsv.gz		GCST90201038_GCST90201038.filtered.tsv.gz	6d22b44fa2dc10a8d391b9af5201ede6236d84125e60fac1c416daca76062972	sha256	2736	GRCh38	EBI GWAS Catalog terms of use	10.1038/s41588-022-01270-1	36635386	Chen et al. 2023	African		unassigned	sd	0.775175902475569	estimated_from_source_maf	sd	total	analysis_level	54	0	0	PMID36635386	multi_ancestry_metabolome_pilot		plasma	metabolomics
18	GCST90201039	GCST90201039	N-alpha-acetylornithine levels	N-alpha-acetylornithine measurement	http://www.ebi.ac.uk/efo/EFO_0800006	/data/opengwasdb/metabolome-plasma-2023/releases/2023-chen-pilot-80/filtered/GCST90201039_GCST90201039.filtered.tsv.gz	http://ftp.ebi.ac.uk/pub/databases/gwas/summary_statistics/GCST90201001-GCST90202000/GCST90201039/harmonised/GCST90201039.h.tsv.gz		GCST90201039_GCST90201039.filtered.tsv.gz	bddea3565715d5e1d07bc3086b8e46b515c27cd1b9b45dbc889df298b5e5707a	sha256	2672803	GRCh38	EBI GWAS Catalog terms of use	10.1038/s41588-022-01270-1	36635386	Chen et al. 2023	African	AFR	af_assigned	sd	0.928332892772913	estimated_from_source_maf	sd	total	analysis_level	42	0	0	PMID36635386	multi_ancestry_metabolome_pilot		plasma	metabolomics
19	GCST90201040	GCST90201040	4-guanidinobutanoate levels	4-guanidinobutanoate measurement	http://www.ebi.ac.uk/efo/EFO_0800003	/data/opengwasdb/metabolome-plasma-2023/releases/2023-chen-pilot-80/filtered/GCST90201040_GCST90201040.filtered.tsv.gz	http://ftp.ebi.ac.uk/pub/databases/gwas/summary_statistics/GCST90201001-GCST90202000/GCST90201040/harmonised/GCST90201040.h.tsv.gz		GCST90201040_GCST90201040.filtered.tsv.gz	4a1211794bc71765c0290741d100755ce50682d8edc190c9b8cf87fc3c54534b	sha256	2091	GRCh38	EBI GWAS Catalog terms of use	10.1038/s41588-022-01270-1	36635386	Chen et al. 2023	African		unassigned	sd	0.788940379688925	estimated_from_source_maf	sd	total	analysis_level	58	0	0	PMID36635386	multi_ancestry_metabolome_pilot		plasma	metabolomics
20	GCST90202055	GCST90202055	Carnitine levels	carnitine measurement	http://www.ebi.ac.uk/efo/EFO_0010469	/data/opengwasdb/metabolome-plasma-2023/releases/2023-chen-pilot-80/filtered/GCST90202055_GCST90202055.filtered.tsv.gz	http://ftp.ebi.ac.uk/pub/databases/gwas/summary_statistics/GCST90202001-GCST90203000/GCST90202055/harmonised/GCST90202055.h.tsv.gz		GCST90202055_GCST90202055.filtered.tsv.gz	12073b5875b7c66e052744b3a23845ec788c9ee8b50b12143baa29ef5d569283	sha256	782	GRCh38	EBI GWAS Catalog terms of use	10.1038/s41588-022-01270-1	36635386	Chen et al. 2023	East Asian		unassigned	sd	0.864694235886149	estimated_from_source_maf	sd	total	analysis_level	101	0	0	PMID36635386	multi_ancestry_metabolome_pilot		plasma	metabolomics
21	GCST90202056	GCST90202056	Benzoate levels	benzoate measurement	http://www.ebi.ac.uk/efo/EFO_0021150	/data/opengwasdb/metabolome-plasma-2023/releases/2023-chen-pilot-80/filtered/GCST90202056_GCST90202056.filtered.tsv.gz	http://ftp.ebi.ac.uk/pub/databases/gwas/summary_statistics/GCST90202001-GCST90203000/GCST90202056/harmonised/GCST90202056.h.tsv.gz		GCST90202056_GCST90202056.filtered.tsv.gz	6cfa75d1e28567f9cc0f05d19e1c08e6205a7d99da3c54b1d2f6fe8728dafaa3	sha256	830	GRCh38	EBI GWAS Catalog terms of use	10.1038/s41588-022-01270-1	36635386	Chen et al. 2023	East Asian		unassigned	sd	0.882980802880542	estimated_from_source_maf	sd	total	analysis_level	95	0	0	PMID36635386	multi_ancestry_metabolome_pilot		plasma	metabolomics
22	GCST90202057	GCST90202057	N-acetylglutamate levels	N-acetylglutamate measurement	http://www.ebi.ac.uk/efo/EFO_0800005	/data/opengwasdb/metabolome-plasma-2023/releases/2023-chen-pilot-80/filtered/GCST90202057_GCST90202057.filtered.tsv.gz	http://ftp.ebi.ac.uk/pub/databases/gwas/summary_statistics/GCST90202001-GCST90203000/GCST90202057/harmonised/GCST90202057.h.tsv.gz		GCST90202057_GCST90202057.filtered.tsv.gz	162caeab2ac4a1de2363a865124a16fa90dbe29a112aab4b5730da107301550e	sha256	726	GRCh38	EBI GWAS Catalog terms of use	10.1038/s41588-022-01270-1	36635386	Chen et al. 2023	East Asian		unassigned	sd		unavailable	sd	total	analysis_level	101	0	0	PMID36635386	multi_ancestry_metabolome_pilot		plasma	metabolomics
23	GCST90202058	GCST90202058	Glucuronate levels	glucuronate measurement	http://www.ebi.ac.uk/efo/EFO_0010486	/data/opengwasdb/metabolome-plasma-2023/releases/2023-chen-pilot-80/filtered/GCST90202058_GCST90202058.filtered.tsv.gz	http://ftp.ebi.ac.uk/pub/databases/gwas/summary_statistics/GCST90202001-GCST90203000/GCST90202058/harmonised/GCST90202058.h.tsv.gz		GCST90202058_GCST90202058.filtered.tsv.gz	6254cf665c6c8d12dc577fa0688578d29e1ad8b0f43eb7b3da4c2d3e002e432d	sha256	1031	GRCh38	EBI GWAS Catalog terms of use	10.1038/s41588-022-01270-1	36635386	Chen et al. 2023	East Asian		unassigned	sd	0.801993770748422	estimated_from_source_maf	sd	total	analysis_level	99	0	0	PMID36635386	multi_ancestry_metabolome_pilot		plasma	metabolomics
24	GCST90202059	GCST90202059	N-alpha-acetylornithine levels	N-alpha-acetylornithine measurement	http://www.ebi.ac.uk/efo/EFO_0800006	/data/opengwasdb/metabolome-plasma-2023/releases/2023-chen-pilot-80/filtered/GCST90202059_GCST90202059.filtered.tsv.gz	http://ftp.ebi.ac.uk/pub/databases/gwas/summary_statistics/GCST90202001-GCST90203000/GCST90202059/harmonised/GCST90202059.h.tsv.gz		GCST90202059_GCST90202059.filtered.tsv.gz	d21e152a8a9356e154f55eeb723616fd6fc3c21aefc9a186e126bcb9cfad74f5	sha256	853	GRCh38	EBI GWAS Catalog terms of use	10.1038/s41588-022-01270-1	36635386	Chen et al. 2023	East Asian		unassigned	sd	0.860128733651039	estimated_from_source_maf	sd	total	analysis_level	67	0	0	PMID36635386	multi_ancestry_metabolome_pilot		plasma	metabolomics
25	GCST90202060	GCST90202060	Suberate (C8-DC) levels	suberate (C8-DC) measurement	http://www.ebi.ac.uk/efo/EFO_0800181	/data/opengwasdb/metabolome-plasma-2023/releases/2023-chen-pilot-80/filtered/GCST90202060_GCST90202060.filtered.tsv.gz	http://ftp.ebi.ac.uk/pub/databases/gwas/summary_statistics/GCST90202001-GCST90203000/GCST90202060/harmonised/GCST90202060.h.tsv.gz		GCST90202060_GCST90202060.filtered.tsv.gz	ba61996457e56d76828c216601230e71d4fca07a24c7bc882e65797c74b05b21	sha256	137254	GRCh38	EBI GWAS Catalog terms of use	10.1038/s41588-022-01270-1	36635386	Chen et al. 2023	East Asian	EAS	af_assigned	sd	0.961834420711241	estimated_from_source_maf	sd	total	analysis_level	87	0	0	PMID36635386	multi_ancestry_metabolome_pilot		plasma	metabolomics
26	GCST90202061	GCST90202061	3-methylhistidine levels	3-methylhistidine measurement	http://www.ebi.ac.uk/efo/EFO_0021004	/data/opengwasdb/metabolome-plasma-2023/releases/2023-chen-pilot-80/filtered/GCST90202061_GCST90202061.filtered.tsv.gz	http://ftp.ebi.ac.uk/pub/databases/gwas/summary_statistics/GCST90202001-GCST90203000/GCST90202061/harmonised/GCST90202061.h.tsv.gz		GCST90202061_GCST90202061.filtered.tsv.gz	1a90dea475618af0ea11828c98f2c6169ca34559ef6a6d2e988eefaffc1ab85e	sha256	631	GRCh38	EBI GWAS Catalog terms of use	10.1038/s41588-022-01270-1	36635386	Chen et al. 2023	East Asian		unassigned	sd		unavailable	sd	total	analysis_level	104	0	0	PMID36635386	multi_ancestry_metabolome_pilot		plasma	metabolomics
27	GCST90202062	GCST90202062	Kynurenine levels	kynurenine measurement	http://www.ebi.ac.uk/efo/EFO_0008529	/data/opengwasdb/metabolome-plasma-2023/releases/2023-chen-pilot-80/filtered/GCST90202062_GCST90202062.filtered.tsv.gz	http://ftp.ebi.ac.uk/pub/databases/gwas/summary_statistics/GCST90202001-GCST90203000/GCST90202062/harmonised/GCST90202062.h.tsv.gz		GCST90202062_GCST90202062.filtered.tsv.gz	7231b2a2815b54b5210d29c6051c715ddd4408e9f25ae5e369fefdc59625f0b6	sha256	627	GRCh38	EBI GWAS Catalog terms of use	10.1038/s41588-022-01270-1	36635386	Chen et al. 2023	East Asian		unassigned	sd		unavailable	sd	total	analysis_level	104	0	0	PMID36635386	multi_ancestry_metabolome_pilot		plasma	metabolomics
28	GCST90202063	GCST90202063	Ribitol levels	ribitol measurement	http://www.ebi.ac.uk/efo/EFO_0800143	/data/opengwasdb/metabolome-plasma-2023/releases/2023-chen-pilot-80/filtered/GCST90202063_GCST90202063.filtered.tsv.gz	http://ftp.ebi.ac.uk/pub/databases/gwas/summary_statistics/GCST90202001-GCST90203000/GCST90202063/harmonised/GCST90202063.h.tsv.gz		GCST90202063_GCST90202063.filtered.tsv.gz	f4ce9e5b84959241a14fd34c77839b98e8d0345b676572683c480574f65c1569	sha256	889	GRCh38	EBI GWAS Catalog terms of use	10.1038/s41588-022-01270-1	36635386	Chen et al. 2023	East Asian		unassigned	sd	0.799068434560006	estimated_from_source_maf	sd	total	analysis_level	102	0	0	PMID36635386	multi_ancestry_metabolome_pilot		plasma	metabolomics
29	GCST90202064	GCST90202064	3-phenylpropionate hydrocinnamate levels	3-phenylpropionate hydrocinnamate measurement	http://www.ebi.ac.uk/efo/EFO_0021010	/data/opengwasdb/metabolome-plasma-2023/releases/2023-chen-pilot-80/filtered/GCST90202064_GCST90202064.filtered.tsv.gz	http://ftp.ebi.ac.uk/pub/databases/gwas/summary_statistics/GCST90202001-GCST90203000/GCST90202064/harmonised/GCST90202064.h.tsv.gz		GCST90202064_GCST90202064.filtered.tsv.gz	dab3aae9edd60e1a83f20c5047d7d22dda8c2a14174d491c5d2b90dfa700f3a4	sha256	625	GRCh38	EBI GWAS Catalog terms of use	10.1038/s41588-022-01270-1	36635386	Chen et al. 2023	East Asian		unassigned	sd		unavailable	sd	total	analysis_level	102	0	0	PMID36635386	multi_ancestry_metabolome_pilot		plasma	metabolomics
30	GCST90202065	GCST90202065	Tartarate levels	tartarate measurement	http://www.ebi.ac.uk/efo/EFO_0800941	/data/opengwasdb/metabolome-plasma-2023/releases/2023-chen-pilot-80/filtered/GCST90202065_GCST90202065.filtered.tsv.gz	http://ftp.ebi.ac.uk/pub/databases/gwas/summary_statistics/GCST90202001-GCST90203000/GCST90202065/harmonised/GCST90202065.h.tsv.gz		GCST90202065_GCST90202065.filtered.tsv.gz	60ea5eb7c00d9afaa540f4fbb89d77377ee1fac35f8b6690740e058807402ab2	sha256	73976	GRCh38	EBI GWAS Catalog terms of use	10.1038/s41588-022-01270-1	36635386	Chen et al. 2023	East Asian	EAS	af_assigned	sd	1.00954324486735	estimated_from_source_maf	sd	total	analysis_level	82	0	0	PMID36635386	multi_ancestry_metabolome_pilot		plasma	metabolomics
31	GCST90202066	GCST90202066	3-methyl-2-oxovalerate levels	3-methyl-2-oxovalerate measurement	http://www.ebi.ac.uk/efo/EFO_0021021	/data/opengwasdb/metabolome-plasma-2023/releases/2023-chen-pilot-80/filtered/GCST90202066_GCST90202066.filtered.tsv.gz	http://ftp.ebi.ac.uk/pub/databases/gwas/summary_statistics/GCST90202001-GCST90203000/GCST90202066/harmonised/GCST90202066.h.tsv.gz		GCST90202066_GCST90202066.filtered.tsv.gz	84743b7e0910cc113ace86085c23b6b3275c92d0bc2f1c7c5dd932aaef0a832b	sha256	55834	GRCh38	EBI GWAS Catalog terms of use	10.1038/s41588-022-01270-1	36635386	Chen et al. 2023	East Asian	EAS	af_assigned	sd	0.986167906156177	estimated_from_source_maf	sd	total	analysis_level	104	0	0	PMID36635386	multi_ancestry_metabolome_pilot		plasma	metabolomics
32	GCST90202067	GCST90202067	Glycodeoxycholate levels	glycodeoxycholate measurement	http://www.ebi.ac.uk/efo/EFO_0010493	/data/opengwasdb/metabolome-plasma-2023/releases/2023-chen-pilot-80/filtered/GCST90202067_GCST90202067.filtered.tsv.gz	http://ftp.ebi.ac.uk/pub/databases/gwas/summary_statistics/GCST90202001-GCST90203000/GCST90202067/harmonised/GCST90202067.h.tsv.gz		GCST90202067_GCST90202067.filtered.tsv.gz	bac4ddc31af15d8d0ca025feb2578c338a09a241ffa01a503ad6efbbbf6ae0a5	sha256	181678	GRCh38	EBI GWAS Catalog terms of use	10.1038/s41588-022-01270-1	36635386	Chen et al. 2023	East Asian	EAS	af_assigned	sd	0.953125813862381	estimated_from_source_maf	sd	total	analysis_level	71	0	0	PMID36635386	multi_ancestry_metabolome_pilot		plasma	metabolomics
33	GCST90202068	GCST90202068	Methionine sulfoxide levels	Methionine sulfoxide measurement	http://www.ebi.ac.uk/efo/EFO_0021650	/data/opengwasdb/metabolome-plasma-2023/releases/2023-chen-pilot-80/filtered/GCST90202068_GCST90202068.filtered.tsv.gz	http://ftp.ebi.ac.uk/pub/databases/gwas/summary_statistics/GCST90202001-GCST90203000/GCST90202068/harmonised/GCST90202068.h.tsv.gz		GCST90202068_GCST90202068.filtered.tsv.gz	1eb575b37814ddad8006d789d3d04c76f5c77946be77d2de83512a5c73198b49	sha256	716	GRCh38	EBI GWAS Catalog terms of use	10.1038/s41588-022-01270-1	36635386	Chen et al. 2023	East Asian		unassigned	sd		unavailable	sd	total	analysis_level	104	0	0	PMID36635386	multi_ancestry_metabolome_pilot		plasma	metabolomics
34	GCST90202069	GCST90202069	Imidazole lactate levels	imidazole lactate measurement	http://www.ebi.ac.uk/efo/EFO_0800004	/data/opengwasdb/metabolome-plasma-2023/releases/2023-chen-pilot-80/filtered/GCST90202069_GCST90202069.filtered.tsv.gz	http://ftp.ebi.ac.uk/pub/databases/gwas/summary_statistics/GCST90202001-GCST90203000/GCST90202069/harmonised/GCST90202069.h.tsv.gz		GCST90202069_GCST90202069.filtered.tsv.gz	8f3e63dab495330e8bd0b10f8719d7b5fb61c350475757a5d66d1c468745c115	sha256	887	GRCh38	EBI GWAS Catalog terms of use	10.1038/s41588-022-01270-1	36635386	Chen et al. 2023	East Asian		unassigned	sd	0.845569369077581	estimated_from_source_maf	sd	total	analysis_level	102	0	0	PMID36635386	multi_ancestry_metabolome_pilot		plasma	metabolomics
35	GCST90202070	GCST90202070	Phenylacetate levels	phenylacetate measurement	http://www.ebi.ac.uk/efo/EFO_0021012	/data/opengwasdb/metabolome-plasma-2023/releases/2023-chen-pilot-80/filtered/GCST90202070_GCST90202070.filtered.tsv.gz	http://ftp.ebi.ac.uk/pub/databases/gwas/summary_statistics/GCST90202001-GCST90203000/GCST90202070/harmonised/GCST90202070.h.tsv.gz		GCST90202070_GCST90202070.filtered.tsv.gz	a07202b1880121cf9ba491b36535b7f1c4ac5bdc72bb5c405d8d0573f6f37878	sha256	60141	GRCh38	EBI GWAS Catalog terms of use	10.1038/s41588-022-01270-1	36635386	Chen et al. 2023	East Asian	EAS	af_assigned	sd	0.959768314455505	estimated_from_source_maf	sd	total	analysis_level	82	0	0	PMID36635386	multi_ancestry_metabolome_pilot		plasma	metabolomics
36	GCST90202071	GCST90202071	Xanthurenate levels	xanthurenate measurement	http://www.ebi.ac.uk/efo/EFO_0010551	/data/opengwasdb/metabolome-plasma-2023/releases/2023-chen-pilot-80/filtered/GCST90202071_GCST90202071.filtered.tsv.gz	http://ftp.ebi.ac.uk/pub/databases/gwas/summary_statistics/GCST90202001-GCST90203000/GCST90202071/harmonised/GCST90202071.h.tsv.gz		GCST90202071_GCST90202071.filtered.tsv.gz	e2322651663cff5fb3cd3c7b46422dfb32bc3ded98479de2b1cc9958fc8f0489	sha256	776	GRCh38	EBI GWAS Catalog terms of use	10.1038/s41588-022-01270-1	36635386	Chen et al. 2023	East Asian		unassigned	sd	0.868129548742598	estimated_from_source_maf	sd	total	analysis_level	103	0	0	PMID36635386	multi_ancestry_metabolome_pilot		plasma	metabolomics
37	GCST90202072	GCST90202072	4-guanidinobutanoate levels	4-guanidinobutanoate measurement	http://www.ebi.ac.uk/efo/EFO_0800003	/data/opengwasdb/metabolome-plasma-2023/releases/2023-chen-pilot-80/filtered/GCST90202072_GCST90202072.filtered.tsv.gz	http://ftp.ebi.ac.uk/pub/databases/gwas/summary_statistics/GCST90202001-GCST90203000/GCST90202072/harmonised/GCST90202072.h.tsv.gz		GCST90202072_GCST90202072.filtered.tsv.gz	eca084dd625b459528d5cd4a82f76919663767ce183de0ddb1b0c1879d58a648	sha256	667	GRCh38	EBI GWAS Catalog terms of use	10.1038/s41588-022-01270-1	36635386	Chen et al. 2023	East Asian		unassigned	sd		unavailable	sd	total	analysis_level	103	0	0	PMID36635386	multi_ancestry_metabolome_pilot		plasma	metabolomics
38	GCST90202073	GCST90202073	Glycerophosphorylcholine (GPC) levels	glycerophosphorylcholine measurement	http://www.ebi.ac.uk/efo/EFO_0020018	/data/opengwasdb/metabolome-plasma-2023/releases/2023-chen-pilot-80/filtered/GCST90202073_GCST90202073.filtered.tsv.gz	http://ftp.ebi.ac.uk/pub/databases/gwas/summary_statistics/GCST90202001-GCST90203000/GCST90202073/harmonised/GCST90202073.h.tsv.gz		GCST90202073_GCST90202073.filtered.tsv.gz	3cbabfc4fc0726cfb996810133b20d3b466f961ef1acdcd719bbba2b8010d8b4	sha256	823	GRCh38	EBI GWAS Catalog terms of use	10.1038/s41588-022-01270-1	36635386	Chen et al. 2023	East Asian		unassigned	sd	0.904162579405211	estimated_from_source_maf	sd	total	analysis_level	103	0	0	PMID36635386	multi_ancestry_metabolome_pilot		plasma	metabolomics
39	GCST90202074	GCST90202074	Hippurate levels	hippurate measurement	http://www.ebi.ac.uk/efo/EFO_0010992	/data/opengwasdb/metabolome-plasma-2023/releases/2023-chen-pilot-80/filtered/GCST90202074_GCST90202074.filtered.tsv.gz	http://ftp.ebi.ac.uk/pub/databases/gwas/summary_statistics/GCST90202001-GCST90203000/GCST90202074/harmonised/GCST90202074.h.tsv.gz		GCST90202074_GCST90202074.filtered.tsv.gz	250af735297b425fd530e96274f82de0179492053832b688bf0cffee353a39c5	sha256	67690	GRCh38	EBI GWAS Catalog terms of use	10.1038/s41588-022-01270-1	36635386	Chen et al. 2023	East Asian	EAS	af_assigned	sd	0.976929324277287	estimated_from_source_maf	sd	total	analysis_level	104	0	0	PMID36635386	multi_ancestry_metabolome_pilot		plasma	metabolomics
40	GCST90199621	GCST90199621	Carnitine levels	carnitine measurement	http://www.ebi.ac.uk/efo/EFO_0010469	/data/opengwasdb/metabolome-plasma-2023/releases/2023-chen-pilot-80/filtered/GCST90199621_GCST90199621.filtered.tsv.gz	http://ftp.ebi.ac.uk/pub/databases/gwas/summary_statistics/GCST90199001-GCST90200000/GCST90199621/harmonised/GCST90199621.h.tsv.gz		GCST90199621_GCST90199621.filtered.tsv.gz	10e30e909c868f029267579073501e28b9ef3883afd41a2bc58e8ab5fe547d45	sha256	1747582	GRCh38	EBI GWAS Catalog terms of use	10.1038/s41588-022-01270-1	36635386	Chen et al. 2023	European	EUR	af_assigned	sd	0.983713207276219	estimated_from_source_maf	sd	total	analysis_level	8192	0	0	PMID36635386	multi_ancestry_metabolome_pilot		plasma	metabolomics
41	GCST90199622	GCST90199622	Benzoate levels	benzoate measurement	http://www.ebi.ac.uk/efo/EFO_0021150	/data/opengwasdb/metabolome-plasma-2023/releases/2023-chen-pilot-80/filtered/GCST90199622_GCST90199622.filtered.tsv.gz	http://ftp.ebi.ac.uk/pub/databases/gwas/summary_statistics/GCST90199001-GCST90200000/GCST90199622/harmonised/GCST90199622.h.tsv.gz		GCST90199622_GCST90199622.filtered.tsv.gz	f3cd790e4cb67fd7e4a4b1ae967c1e9b725a318a4f14c0222b1cbb749f1f3a9b	sha256	790705	GRCh38	EBI GWAS Catalog terms of use	10.1038/s41588-022-01270-1	36635386	Chen et al. 2023	European	EUR	af_assigned	sd	0.989603478941087	estimated_from_source_maf	sd	total	analysis_level	7306	0	0	PMID36635386	multi_ancestry_metabolome_pilot		plasma	metabolomics
42	GCST90199623	GCST90199623	Maltotriose levels	maltotriose measurement	http://www.ebi.ac.uk/efo/EFO_0800142	/data/opengwasdb/metabolome-plasma-2023/releases/2023-chen-pilot-80/filtered/GCST90199623_GCST90199623.filtered.tsv.gz	http://ftp.ebi.ac.uk/pub/databases/gwas/summary_statistics/GCST90199001-GCST90200000/GCST90199623/harmonised/GCST90199623.h.tsv.gz		GCST90199623_GCST90199623.filtered.tsv.gz	92f9458dfd33128fe30ac33f32eb21872890c2898dda1c7e3f590e890c86eb3e	sha256	253933	GRCh38	EBI GWAS Catalog terms of use	10.1038/s41588-022-01270-1	36635386	Chen et al. 2023	European	EUR	af_assigned	sd	0.999978232708843	estimated_from_source_maf	sd	total	analysis_level	4641	0	0	PMID36635386	multi_ancestry_metabolome_pilot		plasma	metabolomics
43	GCST90199624	GCST90199624	Hippurate levels	hippurate measurement	http://www.ebi.ac.uk/efo/EFO_0010992	/data/opengwasdb/metabolome-plasma-2023/releases/2023-chen-pilot-80/filtered/GCST90199624_GCST90199624.filtered.tsv.gz	http://ftp.ebi.ac.uk/pub/databases/gwas/summary_statistics/GCST90199001-GCST90200000/GCST90199624/harmonised/GCST90199624.h.tsv.gz		GCST90199624_GCST90199624.filtered.tsv.gz	893f8af16e7f9d409e5346b0c031af9c79c325d2a0d0fdf20e34868adb9c2876	sha256	2400	GRCh38	EBI GWAS Catalog terms of use	10.1038/s41588-022-01270-1	36635386	Chen et al. 2023	European		unassigned	sd	0.987127401805214	estimated_from_source_maf	sd	total	analysis_level	8260	0	0	PMID36635386	multi_ancestry_metabolome_pilot		plasma	metabolomics
44	GCST90199625	GCST90199625	Methionine sulfoxide levels	Methionine sulfoxide measurement	http://www.ebi.ac.uk/efo/EFO_0021650	/data/opengwasdb/metabolome-plasma-2023/releases/2023-chen-pilot-80/filtered/GCST90199625_GCST90199625.filtered.tsv.gz	http://ftp.ebi.ac.uk/pub/databases/gwas/summary_statistics/GCST90199001-GCST90200000/GCST90199625/harmonised/GCST90199625.h.tsv.gz		GCST90199625_GCST90199625.filtered.tsv.gz	322e5dd9e169bc78604b698c290ff5afc0db59c4f7dcf2a273998f10c69386eb	sha256	3296	GRCh38	EBI GWAS Catalog terms of use	10.1038/s41588-022-01270-1	36635386	Chen et al. 2023	European		unassigned	sd	0.992700143968267	estimated_from_source_maf	sd	total	analysis_level	8243	0	0	PMID36635386	multi_ancestry_metabolome_pilot		plasma	metabolomics
45	GCST90199626	GCST90199626	Xanthurenate levels	xanthurenate measurement	http://www.ebi.ac.uk/efo/EFO_0010551	/data/opengwasdb/metabolome-plasma-2023/releases/2023-chen-pilot-80/filtered/GCST90199626_GCST90199626.filtered.tsv.gz	http://ftp.ebi.ac.uk/pub/databases/gwas/summary_statistics/GCST90199001-GCST90200000/GCST90199626/harmonised/GCST90199626.h.tsv.gz		GCST90199626_GCST90199626.filtered.tsv.gz	72521bf1669e51b0ad1b7a072fe9fe77f594efc2faf01d31f20ea7b68ca8dc6b	sha256	1260588	GRCh38	EBI GWAS Catalog terms of use	10.1038/s41588-022-01270-1	36635386	Chen et al. 2023	European	EUR	af_assigned	sd	0.981454695473963	estimated_from_source_maf	sd	total	analysis_level	7965	0	0	PMID36635386	multi_ancestry_metabolome_pilot		plasma	metabolomics
46	GCST90199627	GCST90199627	N-alpha-acetylornithine levels	N-alpha-acetylornithine measurement	http://www.ebi.ac.uk/efo/EFO_0800006	/data/opengwasdb/metabolome-plasma-2023/releases/2023-chen-pilot-80/filtered/GCST90199627_GCST90199627.filtered.tsv.gz	http://ftp.ebi.ac.uk/pub/databases/gwas/summary_statistics/GCST90199001-GCST90200000/GCST90199627/harmonised/GCST90199627.h.tsv.gz		GCST90199627_GCST90199627.filtered.tsv.gz	a94bd6bae7dd18391b04eb974f4d6f357197043987df2fa91f63db4a94bcae8b	sha256	264774	GRCh38	EBI GWAS Catalog terms of use	10.1038/s41588-022-01270-1	36635386	Chen et al. 2023	European	EUR	af_assigned	sd	0.97748368955916	estimated_from_source_maf	sd	total	analysis_level	5606	0	0	PMID36635386	multi_ancestry_metabolome_pilot		plasma	metabolomics
47	GCST90199628	GCST90199628	3-methylhistidine levels	3-methylhistidine measurement	http://www.ebi.ac.uk/efo/EFO_0021004	/data/opengwasdb/metabolome-plasma-2023/releases/2023-chen-pilot-80/filtered/GCST90199628_GCST90199628.filtered.tsv.gz	http://ftp.ebi.ac.uk/pub/databases/gwas/summary_statistics/GCST90199001-GCST90200000/GCST90199628/harmonised/GCST90199628.h.tsv.gz		GCST90199628_GCST90199628.filtered.tsv.gz	d8f00c99751428cbe5cb758d3f83b5f612dd40f646ec7531529b928586bb2a3c	sha256	2798	GRCh38	EBI GWAS Catalog terms of use	10.1038/s41588-022-01270-1	36635386	Chen et al. 2023	European		unassigned	sd	0.989879111186329	estimated_from_source_maf	sd	total	analysis_level	8289	0	0	PMID36635386	multi_ancestry_metabolome_pilot		plasma	metabolomics
48	GCST90199629	GCST90199629	Glycerophosphorylcholine (GPC) levels	glycerophosphorylcholine measurement	http://www.ebi.ac.uk/efo/EFO_0020018	/data/opengwasdb/metabolome-plasma-2023/releases/2023-chen-pilot-80/filtered/GCST90199629_GCST90199629.filtered.tsv.gz	http://ftp.ebi.ac.uk/pub/databases/gwas/summary_statistics/GCST90199001-GCST90200000/GCST90199629/harmonised/GCST90199629.h.tsv.gz		GCST90199629_GCST90199629.filtered.tsv.gz	2c69df5d350c05bd002b6a9992c5040b196f1abb6e961d12321488aa6f858b53	sha256	282730	GRCh38	EBI GWAS Catalog terms of use	10.1038/s41588-022-01270-1	36635386	Chen et al. 2023	European	EUR	af_assigned	sd	0.981820209557125	estimated_from_source_maf	sd	total	analysis_level	8212	0	0	PMID36635386	multi_ancestry_metabolome_pilot		plasma	metabolomics
49	GCST90199630	GCST90199630	Phenylacetate levels	phenylacetate measurement	http://www.ebi.ac.uk/efo/EFO_0021012	/data/opengwasdb/metabolome-plasma-2023/releases/2023-chen-pilot-80/filtered/GCST90199630_GCST90199630.filtered.tsv.gz	http://ftp.ebi.ac.uk/pub/databases/gwas/summary_statistics/GCST90199001-GCST90200000/GCST90199630/harmonised/GCST90199630.h.tsv.gz		GCST90199630_GCST90199630.filtered.tsv.gz	0f558a7363ec827bc04bb7c0c4d20b7e4b29f30f15e272f9959fe4ceb7ca0953	sha256	243469	GRCh38	EBI GWAS Catalog terms of use	10.1038/s41588-022-01270-1	36635386	Chen et al. 2023	European	EUR	af_assigned	sd	0.970344942910643	estimated_from_source_maf	sd	total	analysis_level	7059	0	0	PMID36635386	multi_ancestry_metabolome_pilot		plasma	metabolomics
50	GCST90199631	GCST90199631	3-methyl-2-oxovalerate levels	3-methyl-2-oxovalerate measurement	http://www.ebi.ac.uk/efo/EFO_0021021	/data/opengwasdb/metabolome-plasma-2023/releases/2023-chen-pilot-80/filtered/GCST90199631_GCST90199631.filtered.tsv.gz	http://ftp.ebi.ac.uk/pub/databases/gwas/summary_statistics/GCST90199001-GCST90200000/GCST90199631/harmonised/GCST90199631.h.tsv.gz		GCST90199631_GCST90199631.filtered.tsv.gz	5b5854f4dcb9bf451f718305702c1563dade4d63bf74d73ec2fe2da6f04b9081	sha256	279238	GRCh38	EBI GWAS Catalog terms of use	10.1038/s41588-022-01270-1	36635386	Chen et al. 2023	European	EUR	af_assigned	sd	0.960873020693312	estimated_from_source_maf	sd	total	analysis_level	8257	0	0	PMID36635386	multi_ancestry_metabolome_pilot		plasma	metabolomics
51	GCST90199632	GCST90199632	Tartarate levels	tartarate measurement	http://www.ebi.ac.uk/efo/EFO_0800941	/data/opengwasdb/metabolome-plasma-2023/releases/2023-chen-pilot-80/filtered/GCST90199632_GCST90199632.filtered.tsv.gz	http://ftp.ebi.ac.uk/pub/databases/gwas/summary_statistics/GCST90199001-GCST90200000/GCST90199632/harmonised/GCST90199632.h.tsv.gz		GCST90199632_GCST90199632.filtered.tsv.gz	e2200729a60027fc3cc59e8a631a4501969290b63e6c1688abb854f6cc047382	sha256	628807	GRCh38	EBI GWAS Catalog terms of use	10.1038/s41588-022-01270-1	36635386	Chen et al. 2023	European	EUR	af_assigned	sd	0.996251569598745	estimated_from_source_maf	sd	total	analysis_level	7099	0	0	PMID36635386	multi_ancestry_metabolome_pilot		plasma	metabolomics
52	GCST90199633	GCST90199633	Suberate (C8-DC) levels	suberate (C8-DC) measurement	http://www.ebi.ac.uk/efo/EFO_0800181	/data/opengwasdb/metabolome-plasma-2023/releases/2023-chen-pilot-80/filtered/GCST90199633_GCST90199633.filtered.tsv.gz	http://ftp.ebi.ac.uk/pub/databases/gwas/summary_statistics/GCST90199001-GCST90200000/GCST90199633/harmonised/GCST90199633.h.tsv.gz		GCST90199633_GCST90199633.filtered.tsv.gz	e3076ff2c8ad9b963353d0c86eaef78a22fd3a398d3a66544bbf3d051a6fd98d	sha256	3451	GRCh38	EBI GWAS Catalog terms of use	10.1038/s41588-022-01270-1	36635386	Chen et al. 2023	European		unassigned	sd	0.979058425161622	estimated_from_source_maf	sd	total	analysis_level	6902	0	0	PMID36635386	multi_ancestry_metabolome_pilot		plasma	metabolomics
53	GCST90199634	GCST90199634	5-hydroxylysine levels	5-hydroxylysine measurement	http://www.ebi.ac.uk/efo/EFO_0800002	/data/opengwasdb/metabolome-plasma-2023/releases/2023-chen-pilot-80/filtered/GCST90199634_GCST90199634.filtered.tsv.gz	http://ftp.ebi.ac.uk/pub/databases/gwas/summary_statistics/GCST90199001-GCST90200000/GCST90199634/harmonised/GCST90199634.h.tsv.gz		GCST90199634_GCST90199634.filtered.tsv.gz	a75b1854ca03701c9e014ac40fee4414de26a05b11c3d82e54cf249f193e67c8	sha256	1722445	GRCh38	EBI GWAS Catalog terms of use	10.1038/s41588-022-01270-1	36635386	Chen et al. 2023	European	EUR	af_assigned	sd	0.979850976432927	estimated_from_source_maf	sd	total	analysis_level	8128	0	0	PMID36635386	multi_ancestry_metabolome_pilot		plasma	metabolomics
54	GCST90199635	GCST90199635	3-phenylpropionate hydrocinnamate levels	3-phenylpropionate hydrocinnamate measurement	http://www.ebi.ac.uk/efo/EFO_0021010	/data/opengwasdb/metabolome-plasma-2023/releases/2023-chen-pilot-80/filtered/GCST90199635_GCST90199635.filtered.tsv.gz	http://ftp.ebi.ac.uk/pub/databases/gwas/summary_statistics/GCST90199001-GCST90200000/GCST90199635/harmonised/GCST90199635.h.tsv.gz		GCST90199635_GCST90199635.filtered.tsv.gz	de09d2561b5c2cb53f4d842382276cd1f25b8c86e8ffd2d65300ce6804058b15	sha256	614681	GRCh38	EBI GWAS Catalog terms of use	10.1038/s41588-022-01270-1	36635386	Chen et al. 2023	European	EUR	af_assigned	sd	0.985609209116704	estimated_from_source_maf	sd	total	analysis_level	7925	0	0	PMID36635386	multi_ancestry_metabolome_pilot		plasma	metabolomics
55	GCST90199636	GCST90199636	Kynurenine levels	kynurenine measurement	http://www.ebi.ac.uk/efo/EFO_0008529	/data/opengwasdb/metabolome-plasma-2023/releases/2023-chen-pilot-80/filtered/GCST90199636_GCST90199636.filtered.tsv.gz	http://ftp.ebi.ac.uk/pub/databases/gwas/summary_statistics/GCST90199001-GCST90200000/GCST90199636/harmonised/GCST90199636.h.tsv.gz		GCST90199636_GCST90199636.filtered.tsv.gz	21140a8f9931a7f4812c3186eafcee3f107f1b93a3131868057b5677b0da5104	sha256	1370785	GRCh38	EBI GWAS Catalog terms of use	10.1038/s41588-022-01270-1	36635386	Chen et al. 2023	European	EUR	af_assigned	sd	0.951630992436009	estimated_from_source_maf	sd	total	analysis_level	8244	0	0	PMID36635386	multi_ancestry_metabolome_pilot		plasma	metabolomics
56	GCST90199637	GCST90199637	N-acetylglutamate levels	N-acetylglutamate measurement	http://www.ebi.ac.uk/efo/EFO_0800005	/data/opengwasdb/metabolome-plasma-2023/releases/2023-chen-pilot-80/filtered/GCST90199637_GCST90199637.filtered.tsv.gz	http://ftp.ebi.ac.uk/pub/databases/gwas/summary_statistics/GCST90199001-GCST90200000/GCST90199637/harmonised/GCST90199637.h.tsv.gz		GCST90199637_GCST90199637.filtered.tsv.gz	8e61fa8820e85049e3dfdbf69411e923485dee6ae493448a291c0e20580b6310	sha256	1135600	GRCh38	EBI GWAS Catalog terms of use	10.1038/s41588-022-01270-1	36635386	Chen et al. 2023	European	EUR	af_assigned	sd	0.964917202740288	estimated_from_source_maf	sd	total	analysis_level	7802	0	0	PMID36635386	multi_ancestry_metabolome_pilot		plasma	metabolomics
57	GCST90199638	GCST90199638	Glycerol 3-phosphate levels	glycerol-3-phosphate measurement	http://www.ebi.ac.uk/efo/EFO_0010488	/data/opengwasdb/metabolome-plasma-2023/releases/2023-chen-pilot-80/filtered/GCST90199638_GCST90199638.filtered.tsv.gz	http://ftp.ebi.ac.uk/pub/databases/gwas/summary_statistics/GCST90199001-GCST90200000/GCST90199638/harmonised/GCST90199638.h.tsv.gz		GCST90199638_GCST90199638.filtered.tsv.gz	134e64013504787a0a64eae2db891ea1478d93da2c40e020598f572ee455642c	sha256	753465	GRCh38	EBI GWAS Catalog terms of use	10.1038/s41588-022-01270-1	36635386	Chen et al. 2023	European	EUR	af_assigned	sd	0.997602825460539	estimated_from_source_maf	sd	total	analysis_level	8201	0	0	PMID36635386	multi_ancestry_metabolome_pilot		plasma	metabolomics
58	GCST90199639	GCST90199639	Imidazole lactate levels	imidazole lactate measurement	http://www.ebi.ac.uk/efo/EFO_0800004	/data/opengwasdb/metabolome-plasma-2023/releases/2023-chen-pilot-80/filtered/GCST90199639_GCST90199639.filtered.tsv.gz	http://ftp.ebi.ac.uk/pub/databases/gwas/summary_statistics/GCST90199001-GCST90200000/GCST90199639/harmonised/GCST90199639.h.tsv.gz		GCST90199639_GCST90199639.filtered.tsv.gz	3ca8a3c0344cbbf5af73f0e482f7c717ecda13877fb1e82009891c4cb3910bac	sha256	2140264	GRCh38	EBI GWAS Catalog terms of use	10.1038/s41588-022-01270-1	36635386	Chen et al. 2023	European	EUR	af_assigned	sd	0.975905717656672	estimated_from_source_maf	sd	total	analysis_level	8256	0	0	PMID36635386	multi_ancestry_metabolome_pilot		plasma	metabolomics
59	GCST90199640	GCST90199640	4-guanidinobutanoate levels	4-guanidinobutanoate measurement	http://www.ebi.ac.uk/efo/EFO_0800003	/data/opengwasdb/metabolome-plasma-2023/releases/2023-chen-pilot-80/filtered/GCST90199640_GCST90199640.filtered.tsv.gz	http://ftp.ebi.ac.uk/pub/databases/gwas/summary_statistics/GCST90199001-GCST90200000/GCST90199640/harmonised/GCST90199640.h.tsv.gz		GCST90199640_GCST90199640.filtered.tsv.gz	57590a168fdb153d36ddb6e85e845252f7ba415396ff3035fed81defece98985	sha256	611477	GRCh38	EBI GWAS Catalog terms of use	10.1038/s41588-022-01270-1	36635386	Chen et al. 2023	European	EUR	af_assigned	sd	0.955080165264457	estimated_from_source_maf	sd	total	analysis_level	8144	0	0	PMID36635386	multi_ancestry_metabolome_pilot		plasma	metabolomics
60	GCST90203093	GCST90203093	Carnitine levels	carnitine measurement	http://www.ebi.ac.uk/efo/EFO_0010469	/data/opengwasdb/metabolome-plasma-2023/releases/2023-chen-pilot-80/filtered/GCST90203093_GCST90203093.filtered.tsv.gz	http://ftp.ebi.ac.uk/pub/databases/gwas/summary_statistics/GCST90203001-GCST90204000/GCST90203093/harmonised/GCST90203093.h.tsv.gz		GCST90203093_GCST90203093.filtered.tsv.gz	9248010efc6757bb86759fa27cc477e7204b3a53b87fbc100341c92423f253d1	sha256	144052	GRCh38	EBI GWAS Catalog terms of use	10.1038/s41588-022-01270-1	36635386	Chen et al. 2023	South Asian	SAS	af_assigned	sd	0.972910142237942	estimated_from_source_maf	sd	total	analysis_level	107	0	0	PMID36635386	multi_ancestry_metabolome_pilot		plasma	metabolomics
61	GCST90203094	GCST90203094	Benzoate levels	benzoate measurement	http://www.ebi.ac.uk/efo/EFO_0021150	/data/opengwasdb/metabolome-plasma-2023/releases/2023-chen-pilot-80/filtered/GCST90203094_GCST90203094.filtered.tsv.gz	http://ftp.ebi.ac.uk/pub/databases/gwas/summary_statistics/GCST90203001-GCST90204000/GCST90203094/harmonised/GCST90203094.h.tsv.gz		GCST90203094_GCST90203094.filtered.tsv.gz	4b44cb92cbf25593ad5a7e01f4b709fbb440c43d6198081026465c952255cfc9	sha256	59358	GRCh38	EBI GWAS Catalog terms of use	10.1038/s41588-022-01270-1	36635386	Chen et al. 2023	South Asian	SAS	af_assigned	sd	1.01546059836468	estimated_from_source_maf	sd	total	analysis_level	99	0	0	PMID36635386	multi_ancestry_metabolome_pilot		plasma	metabolomics
62	GCST90203095	GCST90203095	Glycodeoxycholate levels	glycodeoxycholate measurement	http://www.ebi.ac.uk/efo/EFO_0010493	/data/opengwasdb/metabolome-plasma-2023/releases/2023-chen-pilot-80/filtered/GCST90203095_GCST90203095.filtered.tsv.gz	http://ftp.ebi.ac.uk/pub/databases/gwas/summary_statistics/GCST90203001-GCST90204000/GCST90203095/harmonised/GCST90203095.h.tsv.gz		GCST90203095_GCST90203095.filtered.tsv.gz	cfbda5fa6364ee85ab48be36ff018a901246b091cbc8f5dd7ebab531ff620821	sha256	695	GRCh38	EBI GWAS Catalog terms of use	10.1038/s41588-022-01270-1	36635386	Chen et al. 2023	South Asian		unassigned	sd		unavailable	sd	total	analysis_level	69	0	0	PMID36635386	multi_ancestry_metabolome_pilot		plasma	metabolomics
63	GCST90203096	GCST90203096	Tartarate levels	tartarate measurement	http://www.ebi.ac.uk/efo/EFO_0800941	/data/opengwasdb/metabolome-plasma-2023/releases/2023-chen-pilot-80/filtered/GCST90203096_GCST90203096.filtered.tsv.gz	http://ftp.ebi.ac.uk/pub/databases/gwas/summary_statistics/GCST90203001-GCST90204000/GCST90203096/harmonised/GCST90203096.h.tsv.gz		GCST90203096_GCST90203096.filtered.tsv.gz	79c9abea7fa6cc961d6bf947ecb86557b2504338caa51e5579be68010b765225	sha256	856	GRCh38	EBI GWAS Catalog terms of use	10.1038/s41588-022-01270-1	36635386	Chen et al. 2023	South Asian		unassigned	sd	0.85608397962052	estimated_from_source_maf	sd	total	analysis_level	94	0	0	PMID36635386	multi_ancestry_metabolome_pilot		plasma	metabolomics
64	GCST90203097	GCST90203097	Ribitol levels	ribitol measurement	http://www.ebi.ac.uk/efo/EFO_0800143	/data/opengwasdb/metabolome-plasma-2023/releases/2023-chen-pilot-80/filtered/GCST90203097_GCST90203097.filtered.tsv.gz	http://ftp.ebi.ac.uk/pub/databases/gwas/summary_statistics/GCST90203001-GCST90204000/GCST90203097/harmonised/GCST90203097.h.tsv.gz		GCST90203097_GCST90203097.filtered.tsv.gz	38b30a2dc79c461167aeef6ad6f0349d3ffec57810072c04aa4aa9c85ade6544	sha256	61326	GRCh38	EBI GWAS Catalog terms of use	10.1038/s41588-022-01270-1	36635386	Chen et al. 2023	South Asian	SAS	af_assigned	sd	0.97163807771299	estimated_from_source_maf	sd	total	analysis_level	104	0	0	PMID36635386	multi_ancestry_metabolome_pilot		plasma	metabolomics
65	GCST90203098	GCST90203098	Theophylline levels	theophylline measurement	http://www.ebi.ac.uk/efo/EFO_0021180	/data/opengwasdb/metabolome-plasma-2023/releases/2023-chen-pilot-80/filtered/GCST90203098_GCST90203098.filtered.tsv.gz	http://ftp.ebi.ac.uk/pub/databases/gwas/summary_statistics/GCST90203001-GCST90204000/GCST90203098/harmonised/GCST90203098.h.tsv.gz		GCST90203098_GCST90203098.filtered.tsv.gz	c61b7001bd9c597572be36f0626d4e52849373e2dd73ffd3168ccd26078ada62	sha256	73883	GRCh38	EBI GWAS Catalog terms of use	10.1038/s41588-022-01270-1	36635386	Chen et al. 2023	South Asian	SAS	af_assigned	sd	1.00654854247917	estimated_from_source_maf	sd	total	analysis_level	100	0	0	PMID36635386	multi_ancestry_metabolome_pilot		plasma	metabolomics
66	GCST90203099	GCST90203099	N-alpha-acetylornithine levels	N-alpha-acetylornithine measurement	http://www.ebi.ac.uk/efo/EFO_0800006	/data/opengwasdb/metabolome-plasma-2023/releases/2023-chen-pilot-80/filtered/GCST90203099_GCST90203099.filtered.tsv.gz	http://ftp.ebi.ac.uk/pub/databases/gwas/summary_statistics/GCST90203001-GCST90204000/GCST90203099/harmonised/GCST90203099.h.tsv.gz		GCST90203099_GCST90203099.filtered.tsv.gz	36a9f8fa87b7e80c685197f82be13f130daad601d7a680f5e4b7bf4f30234ba8	sha256	1416	GRCh38	EBI GWAS Catalog terms of use	10.1038/s41588-022-01270-1	36635386	Chen et al. 2023	South Asian		unassigned	sd	0.839967137259617	estimated_from_source_maf	sd	total	analysis_level	70	0	0	PMID36635386	multi_ancestry_metabolome_pilot		plasma	metabolomics
67	GCST90203100	GCST90203100	Suberate (C8-DC) levels	suberate (C8-DC) measurement	http://www.ebi.ac.uk/efo/EFO_0800181	/data/opengwasdb/metabolome-plasma-2023/releases/2023-chen-pilot-80/filtered/GCST90203100_GCST90203100.filtered.tsv.gz	http://ftp.ebi.ac.uk/pub/databases/gwas/summary_statistics/GCST90203001-GCST90204000/GCST90203100/harmonised/GCST90203100.h.tsv.gz		GCST90203100_GCST90203100.filtered.tsv.gz	af9819eb0a6aa233281c1494ff799480a589c278c194de43e653ce31179dcd70	sha256	945	GRCh38	EBI GWAS Catalog terms of use	10.1038/s41588-022-01270-1	36635386	Chen et al. 2023	South Asian		unassigned	sd	0.906792797370303	estimated_from_source_maf	sd	total	analysis_level	88	0	0	PMID36635386	multi_ancestry_metabolome_pilot		plasma	metabolomics
68	GCST90203101	GCST90203101	Phenylacetate levels	phenylacetate measurement	http://www.ebi.ac.uk/efo/EFO_0021012	/data/opengwasdb/metabolome-plasma-2023/releases/2023-chen-pilot-80/filtered/GCST90203101_GCST90203101.filtered.tsv.gz	http://ftp.ebi.ac.uk/pub/databases/gwas/summary_statistics/GCST90203001-GCST90204000/GCST90203101/harmonised/GCST90203101.h.tsv.gz		GCST90203101_GCST90203101.filtered.tsv.gz	906c78ade723b9a79e2702e47f5070ef65d1db81d7ecf0e9825114f461bc8be9	sha256	1012	GRCh38	EBI GWAS Catalog terms of use	10.1038/s41588-022-01270-1	36635386	Chen et al. 2023	South Asian		unassigned	sd	0.805755070813603	estimated_from_source_maf	sd	total	analysis_level	73	0	0	PMID36635386	multi_ancestry_metabolome_pilot		plasma	metabolomics
69	GCST90203102	GCST90203102	Maltotriose levels	maltotriose measurement	http://www.ebi.ac.uk/efo/EFO_0800142	/data/opengwasdb/metabolome-plasma-2023/releases/2023-chen-pilot-80/filtered/GCST90203102_GCST90203102.filtered.tsv.gz	http://ftp.ebi.ac.uk/pub/databases/gwas/summary_statistics/GCST90203001-GCST90204000/GCST90203102/harmonised/GCST90203102.h.tsv.gz		GCST90203102_GCST90203102.filtered.tsv.gz	b66dc114e6c8b12d40b54466dc38eb95a78ce45b1cc29d5531e5a28e6e0a7772	sha256	52882	GRCh38	EBI GWAS Catalog terms of use	10.1038/s41588-022-01270-1	36635386	Chen et al. 2023	South Asian	SAS	af_assigned	sd	0.970732452788673	estimated_from_source_maf	sd	total	analysis_level	65	0	0	PMID36635386	multi_ancestry_metabolome_pilot		plasma	metabolomics
70	GCST90203103	GCST90203103	Glycerophosphorylcholine (GPC) levels	glycerophosphorylcholine measurement	http://www.ebi.ac.uk/efo/EFO_0020018	/data/opengwasdb/metabolome-plasma-2023/releases/2023-chen-pilot-80/filtered/GCST90203103_GCST90203103.filtered.tsv.gz	http://ftp.ebi.ac.uk/pub/databases/gwas/summary_statistics/GCST90203001-GCST90204000/GCST90203103/harmonised/GCST90203103.h.tsv.gz		GCST90203103_GCST90203103.filtered.tsv.gz	cd17ac3c73af22b5a350627665c9189575811b923202a3739f2fe4037c6fb2bf	sha256	944	GRCh38	EBI GWAS Catalog terms of use	10.1038/s41588-022-01270-1	36635386	Chen et al. 2023	South Asian		unassigned	sd	0.916072885113883	estimated_from_source_maf	sd	total	analysis_level	108	0	0	PMID36635386	multi_ancestry_metabolome_pilot		plasma	metabolomics
71	GCST90203104	GCST90203104	Methionine sulfoxide levels	Methionine sulfoxide measurement	http://www.ebi.ac.uk/efo/EFO_0021650	/data/opengwasdb/metabolome-plasma-2023/releases/2023-chen-pilot-80/filtered/GCST90203104_GCST90203104.filtered.tsv.gz	http://ftp.ebi.ac.uk/pub/databases/gwas/summary_statistics/GCST90203001-GCST90204000/GCST90203104/harmonised/GCST90203104.h.tsv.gz		GCST90203104_GCST90203104.filtered.tsv.gz	196ecc7c3393ba3676269164e9337b346269c0f9c9aff781a2e97fd884efbc81	sha256	853	GRCh38	EBI GWAS Catalog terms of use	10.1038/s41588-022-01270-1	36635386	Chen et al. 2023	South Asian		unassigned	sd	0.882551472654433	estimated_from_source_maf	sd	total	analysis_level	107	0	0	PMID36635386	multi_ancestry_metabolome_pilot		plasma	metabolomics
72	GCST90203105	GCST90203105	4-guanidinobutanoate levels	4-guanidinobutanoate measurement	http://www.ebi.ac.uk/efo/EFO_0800003	/data/opengwasdb/metabolome-plasma-2023/releases/2023-chen-pilot-80/filtered/GCST90203105_GCST90203105.filtered.tsv.gz	http://ftp.ebi.ac.uk/pub/databases/gwas/summary_statistics/GCST90203001-GCST90204000/GCST90203105/harmonised/GCST90203105.h.tsv.gz		GCST90203105_GCST90203105.filtered.tsv.gz	37fd51f4434dbae4a99fb49aac6f08be253784809e557bce26d73d2b36936a57	sha256	1027	GRCh38	EBI GWAS Catalog terms of use	10.1038/s41588-022-01270-1	36635386	Chen et al. 2023	South Asian		unassigned	sd	0.851429514071399	estimated_from_source_maf	sd	total	analysis_level	108	0	0	PMID36635386	multi_ancestry_metabolome_pilot		plasma	metabolomics
73	GCST90203106	GCST90203106	Imidazole lactate levels	imidazole lactate measurement	http://www.ebi.ac.uk/efo/EFO_0800004	/data/opengwasdb/metabolome-plasma-2023/releases/2023-chen-pilot-80/filtered/GCST90203106_GCST90203106.filtered.tsv.gz	http://ftp.ebi.ac.uk/pub/databases/gwas/summary_statistics/GCST90203001-GCST90204000/GCST90203106/harmonised/GCST90203106.h.tsv.gz		GCST90203106_GCST90203106.filtered.tsv.gz	5d2b26741dff8ab675754b55b48fff1f8d6b3b86d51695aebaf810ea48f28272	sha256	796	GRCh38	EBI GWAS Catalog terms of use	10.1038/s41588-022-01270-1	36635386	Chen et al. 2023	South Asian		unassigned	sd	0.855579744831195	estimated_from_source_maf	sd	total	analysis_level	108	0	0	PMID36635386	multi_ancestry_metabolome_pilot		plasma	metabolomics
74	GCST90203107	GCST90203107	3-methylhistidine levels	3-methylhistidine measurement	http://www.ebi.ac.uk/efo/EFO_0021004	/data/opengwasdb/metabolome-plasma-2023/releases/2023-chen-pilot-80/filtered/GCST90203107_GCST90203107.filtered.tsv.gz	http://ftp.ebi.ac.uk/pub/databases/gwas/summary_statistics/GCST90203001-GCST90204000/GCST90203107/harmonised/GCST90203107.h.tsv.gz		GCST90203107_GCST90203107.filtered.tsv.gz	3dad7a2e1957a42eee75a725d73e8b36981b0bd87be8ebcc03a5c2a3e3b214c7	sha256	137227	GRCh38	EBI GWAS Catalog terms of use	10.1038/s41588-022-01270-1	36635386	Chen et al. 2023	South Asian	SAS	af_assigned	sd	0.980948803950502	estimated_from_source_maf	sd	total	analysis_level	107	0	0	PMID36635386	multi_ancestry_metabolome_pilot		plasma	metabolomics
75	GCST90203108	GCST90203108	Kynurenine levels	kynurenine measurement	http://www.ebi.ac.uk/efo/EFO_0008529	/data/opengwasdb/metabolome-plasma-2023/releases/2023-chen-pilot-80/filtered/GCST90203108_GCST90203108.filtered.tsv.gz	http://ftp.ebi.ac.uk/pub/databases/gwas/summary_statistics/GCST90203001-GCST90204000/GCST90203108/harmonised/GCST90203108.h.tsv.gz		GCST90203108_GCST90203108.filtered.tsv.gz	8aeeba9ada7b31ce760ead30c4c48e7b38ba64b0ce938fb5818f3cb75859937d	sha256	754	GRCh38	EBI GWAS Catalog terms of use	10.1038/s41588-022-01270-1	36635386	Chen et al. 2023	South Asian		unassigned	sd		unavailable	sd	total	analysis_level	108	0	0	PMID36635386	multi_ancestry_metabolome_pilot		plasma	metabolomics
76	GCST90203109	GCST90203109	Glycerol 3-phosphate levels	glycerol-3-phosphate measurement	http://www.ebi.ac.uk/efo/EFO_0010488	/data/opengwasdb/metabolome-plasma-2023/releases/2023-chen-pilot-80/filtered/GCST90203109_GCST90203109.filtered.tsv.gz	http://ftp.ebi.ac.uk/pub/databases/gwas/summary_statistics/GCST90203001-GCST90204000/GCST90203109/harmonised/GCST90203109.h.tsv.gz		GCST90203109_GCST90203109.filtered.tsv.gz	de4d1c4dfa710078620aee0e09ab15ade156ffed57e30fbba0188920abddd5b6	sha256	669	GRCh38	EBI GWAS Catalog terms of use	10.1038/s41588-022-01270-1	36635386	Chen et al. 2023	South Asian		unassigned	sd		unavailable	sd	total	analysis_level	108	0	0	PMID36635386	multi_ancestry_metabolome_pilot		plasma	metabolomics
77	GCST90203110	GCST90203110	Hippurate levels	hippurate measurement	http://www.ebi.ac.uk/efo/EFO_0010992	/data/opengwasdb/metabolome-plasma-2023/releases/2023-chen-pilot-80/filtered/GCST90203110_GCST90203110.filtered.tsv.gz	http://ftp.ebi.ac.uk/pub/databases/gwas/summary_statistics/GCST90203001-GCST90204000/GCST90203110/harmonised/GCST90203110.h.tsv.gz		GCST90203110_GCST90203110.filtered.tsv.gz	5be7c0bc7a9cfd4a3eabae4ce22ec835bcd93d8ebd47dce330a61181c0ab5900	sha256	198433	GRCh38	EBI GWAS Catalog terms of use	10.1038/s41588-022-01270-1	36635386	Chen et al. 2023	South Asian	SAS	af_assigned	sd	0.993163603312294	estimated_from_source_maf	sd	total	analysis_level	108	0	0	PMID36635386	multi_ancestry_metabolome_pilot		plasma	metabolomics
78	GCST90203111	GCST90203111	3-phenylpropionate hydrocinnamate levels	3-phenylpropionate hydrocinnamate measurement	http://www.ebi.ac.uk/efo/EFO_0021010	/data/opengwasdb/metabolome-plasma-2023/releases/2023-chen-pilot-80/filtered/GCST90203111_GCST90203111.filtered.tsv.gz	http://ftp.ebi.ac.uk/pub/databases/gwas/summary_statistics/GCST90203001-GCST90204000/GCST90203111/harmonised/GCST90203111.h.tsv.gz		GCST90203111_GCST90203111.filtered.tsv.gz	cad92e0ce730f387279c8bf71c4836d7247669af6505a6a75e048b02bd9ad65a	sha256	669	GRCh38	EBI GWAS Catalog terms of use	10.1038/s41588-022-01270-1	36635386	Chen et al. 2023	South Asian		unassigned	sd		unavailable	sd	total	analysis_level	91	0	0	PMID36635386	multi_ancestry_metabolome_pilot		plasma	metabolomics
79	GCST90203112	GCST90203112	N-acetylglutamate levels	N-acetylglutamate measurement	http://www.ebi.ac.uk/efo/EFO_0800005	/data/opengwasdb/metabolome-plasma-2023/releases/2023-chen-pilot-80/filtered/GCST90203112_GCST90203112.filtered.tsv.gz	http://ftp.ebi.ac.uk/pub/databases/gwas/summary_statistics/GCST90203001-GCST90204000/GCST90203112/harmonised/GCST90203112.h.tsv.gz		GCST90203112_GCST90203112.filtered.tsv.gz	4a53a6f2b3668b8dc82cb8a946dbe1aa05951522b712f438ab835089fb2ed32f	sha256	294866	GRCh38	EBI GWAS Catalog terms of use	10.1038/s41588-022-01270-1	36635386	Chen et al. 2023	South Asian	SAS	af_assigned	sd	0.985845248950219	estimated_from_source_maf	sd	total	analysis_level	100	0	0	PMID36635386	multi_ancestry_metabolome_pilot		plasma	metabolomics
